--
-- PostgreSQL database dump
--

-- Dumped from database version 14.5
-- Dumped by pg_dump version 14.5

SET statement_timeout = 0;
SET lock_timeout = 0;
SET idle_in_transaction_session_timeout = 0;
SET client_encoding = 'UTF8';
SET standard_conforming_strings = on;
SELECT pg_catalog.set_config('search_path', '', false);
SET check_function_bodies = false;
SET xmloption = content;
SET client_min_messages = warning;
SET row_security = off;

SET default_tablespace = '';

SET default_table_access_method = heap;

--
-- Name: batch_details; Type: TABLE; Schema: public; Owner: fulfillmentuser
--

CREATE TABLE public.batch_details (
    order_id integer NOT NULL,
    item_id integer NOT NULL,
    dept_id integer NOT NULL,
    quantity integer NOT NULL,
    batch_id integer NOT NULL
);


ALTER TABLE public.batch_details OWNER TO fulfillmentuser;

--
-- Name: batches; Type: TABLE; Schema: public; Owner: fulfillmentuser
--

CREATE TABLE public.batches (
    id integer NOT NULL
);


ALTER TABLE public.batches OWNER TO fulfillmentuser;

--
-- Name: departments; Type: TABLE; Schema: public; Owner: fulfillmentuser
--

CREATE TABLE public.departments (
    id integer NOT NULL,
    dept_name character varying(12) NOT NULL
);


ALTER TABLE public.departments OWNER TO fulfillmentuser;

--
-- Name: items; Type: TABLE; Schema: public; Owner: fulfillmentuser
--

CREATE TABLE public.items (
    id integer NOT NULL,
    dept_id integer NOT NULL,
    item_name character varying(128)
);


ALTER TABLE public.items OWNER TO fulfillmentuser;

--
-- Name: names; Type: TABLE; Schema: public; Owner: fulfillmentuser
--

CREATE TABLE public.names (
    person_name character varying(30) NOT NULL,
    id integer NOT NULL
);


ALTER TABLE public.names OWNER TO fulfillmentuser;

--
-- Name: orders; Type: TABLE; Schema: public; Owner: fulfillmentuser
--

CREATE TABLE public.orders (
    id integer NOT NULL,
    name_id integer
);


ALTER TABLE public.orders OWNER TO fulfillmentuser;

--
-- Data for Name: batch_details; Type: TABLE DATA; Schema: public; Owner: fulfillmentuser
--

COPY public.batch_details (order_id, item_id, dept_id, quantity, batch_id) FROM stdin;
\.


--
-- Data for Name: batches; Type: TABLE DATA; Schema: public; Owner: fulfillmentuser
--

COPY public.batches (id) FROM stdin;
420
727
\.


--
-- Data for Name: departments; Type: TABLE DATA; Schema: public; Owner: fulfillmentuser
--

COPY public.departments (id, dept_name) FROM stdin;
0	grocery
1	chemicals
2	clothes
3	accessories
4	seasonal
5	furniture
6	electronics
7	salesfloor
\.


--
-- Data for Name: items; Type: TABLE DATA; Schema: public; Owner: fulfillmentuser
--

COPY public.items (id, dept_id, item_name) FROM stdin;
3437	1	bleach
1514	1	window cleaner
8512	1	toilet cleaner
8485	1	furniture polish
8085	1	floor polish
7151	1	dryer sheets
2858	1	magic eraser
6300	1	hand soap
8853	1	fabric softener
7747	1	laundry detergent liquid
3874	1	laundry detergent powder
6284	1	laundry detergent pods
3855	1	ant traps
7020	1	bug spray
8424	1	mouse traps
6100	1	dish soap
7554	2	tee shirt
2695	2	polo tee
1334	2	tank top
5503	2	graphic tee
6988	2	button up flannel
2498	2	jacket
4202	2	hoodie
7318	2	long sleeve tee
6560	2	maxi dress
9120	2	cocktail dress
3309	2	sundress
9674	2	romper
3374	2	socks
4258	2	boxers
2964	2	baby onesie
9144	2	tights
7782	3	backpack small
5001	3	backpack large
6975	3	wristwatch
1681	3	bracelet
6720	3	headband
8422	3	hoop earrings
4834	3	stud earrings
1211	3	choker necklace
9181	3	pendant necklace
8082	3	sunglasses
2280	3	fedora
3063	3	belt
4955	3	umbrella
1890	3	purse
8831	3	scarf
5790	3	earmuffs
4942	4	stuffed santa toy
4870	4	snowglobe
9390	4	holiday wreath
1353	4	wreath hook
2072	4	christmas tree
9464	4	christmas tree prelit
5695	4	garland
3129	4	glass ornament set
3399	4	plastic ornament set
3996	4	toy train set
9954	4	tabletop nativity scene
5419	4	sugarplum fairies music box
6807	4	outdoor christmas lights
6869	4	indoor christmas lights
3431	4	wrapping paper
3635	4	gift ribbon
7386	5	cube storage shelf
2526	5	student desk
4216	5	metal desk
4225	5	short bookshelf
1381	5	tall bookshelf
5445	5	futon white
6538	5	futon black
8982	5	coffee table
7651	5	table lamp
1831	5	floor lamp
7086	5	ottoman large
1960	5	ottoman small
3491	5	plastic storage tote
2383	5	woven basket
8156	5	wall shelf
5343	5	closet organizer
4525	6	HDMI cable
6958	6	ethernet cable
8480	6	auxilary cable
4952	6	USB-C cable
9604	6	prepaid flip phone
9068	6	prepaid smart phone
5915	6	landline phone
8045	6	radio
5093	6	batteries
4498	6	vinyl record player
1162	6	bluetooth speaker
1137	6	flatscreen TV
8876	6	digital camera
2641	6	camera tripod
1025	6	SD card
1974	6	flash drive
1602	7	bath towel
8718	7	dish towel
7554	7	bed sheets
7485	7	soap dispenser
8485	7	stuffed animal
1645	7	building blocks
7722	7	fashion doll
7189	7	nerf toy gun
3242	7	lightbulb
5975	7	clothing hangers
5574	7	crayons
7324	7	markers
1259	7	engine oil
4931	7	windshield wipers
9160	7	pet food
9747	7	coffee mug
1173	0	apple juice
9735	0	cranberry juice
2330	0	grape juice
7382	0	lemon juice
9669	0	crackers
7826	0	pretzels
2941	0	raisins
9693	0	peanut butter
1709	0	jelly
6069	0	salad dressing
8972	0	mustard
1159	0	ketchup
2535	0	chocolate chips
5557	0	flour sack
1883	0	frosting
8939	0	can of sprinkles
\.


--
-- Data for Name: names; Type: TABLE DATA; Schema: public; Owner: fulfillmentuser
--

COPY public.names (person_name, id) FROM stdin;
John	1
William	2
James	3
Charles	4
George	5
Frank	6
Joseph	7
Thomas	8
Henry	9
Robert	10
Edward	11
Harry	12
Walter	13
Arthur	14
Fred	15
Albert	16
Samuel	17
David	18
Louis	19
Joe	20
Charlie	21
Clarence	22
Richard	23
Andrew	24
Daniel	25
Ernest	26
Will	27
Jesse	28
Oscar	29
Lewis	30
Peter	31
Benjamin	32
Frederick	33
Willie	34
Alfred	35
Sam	36
Roy	37
Herbert	38
Jacob	39
Tom	40
Elmer	41
Carl	42
Lee	43
Howard	44
Martin	45
Michael	46
Bert	47
Herman	48
Jim	49
Francis	50
Harvey	51
Earl	52
Eugene	53
Ralph	54
Ed	55
Claude	56
Edwin	57
Ben	58
Charley	59
Paul	60
Edgar	61
Isaac	62
Otto	63
Luther	64
Lawrence	65
Ira	66
Patrick	67
Guy	68
Oliver	69
Theodore	70
Hugh	71
Clyde	72
Alexander	73
August	74
Floyd	75
Homer	76
Jack	77
Leonard	78
Horace	79
Marion	80
Philip	81
Allen	82
Archie	83
Stephen	84
Chester	85
Willis	86
Raymond	87
Rufus	88
Warren	89
Jessie	90
Milton	91
Alex	92
Leo	93
Julius	94
Ray	95
Sidney	96
Bernard	97
Dan	98
Jerry	99
Calvin	100
Perry	101
Dave	102
Anthony	103
Eddie	104
Amos	105
Dennis	106
Clifford	107
Leroy	108
Wesley	109
Alonzo	110
Garfield	111
Franklin	112
Emil	113
Leon	114
Nathan	115
Harold	116
Matthew	117
Levi	118
Moses	119
Everett	120
Lester	121
Winfield	122
Adam	123
Lloyd	124
Mack	125
Fredrick	126
Jay	127
Jess	128
Melvin	129
Noah	130
Aaron	131
Alvin	132
Norman	133
Gilbert	134
Elijah	135
Victor	136
Gus	137
Nelson	138
Jasper	139
Silas	140
Christopher	141
Jake	142
Mike	143
Percy	144
Adolph	145
Maurice	146
Cornelius	147
Felix	148
Reuben	149
Wallace	150
Claud	151
Roscoe	152
Sylvester	153
Earnest	154
Hiram	155
Otis	156
Simon	157
Willard	158
Irvin	159
Mark	160
Jose	161
Wilbur	162
Abraham	163
Virgil	164
Clinton	165
Elbert	166
Leslie	167
Marshall	168
Owen	169
Wiley	170
Anton	171
Morris	172
Manuel	173
Phillip	174
Augustus	175
Emmett	176
Eli	177
Nicholas	178
Wilson	179
Alva	180
Harley	181
Newton	182
Timothy	183
Marvin	184
Ross	185
Curtis	186
Edmund	187
Jeff	188
Elias	189
Harrison	190
Stanley	191
Columbus	192
Lon	193
Ora	194
Ollie	195
Russell	196
Pearl	197
Solomon	198
Arch	199
Asa	200
Clayton	201
Enoch	202
Irving	203
Mathew	204
Nathaniel	205
Scott	206
Hubert	207
Lemuel	208
Andy	209
Ellis	210
Emanuel	211
Joshua	212
Millard	213
Vernon	214
Wade	215
Cyrus	216
Miles	217
Rudolph	218
Sherman	219
Austin	220
Bill	221
Chas	222
Lonnie	223
Monroe	224
Byron	225
Edd	226
Emery	227
Grant	228
Jerome	229
Max	230
Mose	231
Steve	232
Gordon	233
Abe	234
Pete	235
Chris	236
Clark	237
Gustave	238
Orville	239
Lorenzo	240
Bruce	241
Marcus	242
Preston	243
Bob	244
Dock	245
Donald	246
Jackson	247
Cecil	248
Barney	249
Delbert	250
Edmond	251
Anderson	252
Christian	253
Glenn	254
Jefferson	255
Luke	256
Neal	257
Burt	258
Ike	259
Myron	260
Tony	261
Conrad	262
Joel	263
Matt	264
Riley	265
Vincent	266
Emory	267
Isaiah	268
Nick	269
Ezra	270
Green	271
Juan	272
Clifton	273
Lucius	274
Porter	275
Arnold	276
Bud	277
Jeremiah	278
Taylor	279
Forrest	280
Roland	281
Spencer	282
Burton	283
Don	284
Emmet	285
Gustav	286
Louie	287
Morgan	288
Ned	289
Van	290
Ambrose	291
Chauncey	292
Elisha	293
Ferdinand	294
General	295
Julian	296
Kenneth	297
Mitchell	298
Allie	299
Josh	300
Judson	301
Lyman	302
Napoleon	303
Pedro	304
Berry	305
Dewitt	306
Ervin	307
Forest	308
Lynn	309
Pink	310
Ruben	311
Sanford	312
Ward	313
Douglas	314
Ole	315
Omer	316
Ulysses	317
Walker	318
Wilbert	319
Adelbert	320
Benjiman	321
Ivan	322
Jonas	323
Major	324
Abner	325
Archibald	326
Caleb	327
Clint	328
Dudley	329
Granville	330
King	331
Mary	332
Merton	333
Antonio	334
Bennie	335
Carroll	336
Freeman	337
Josiah	338
Milo	339
Royal	340
Dick	341
Earle	342
Elza	343
Emerson	344
Fletcher	345
Judge	346
Laurence	347
Neil	348
Roger	349
Seth	350
Glen	351
Hugo	352
Jimmie	353
Johnnie	354
Washington	355
Elwood	356
Gust	357
Harmon	358
Jordan	359
Simeon	360
Wayne	361
Wilber	362
Clem	363
Evan	364
Frederic	365
Irwin	366
Junius	367
Lafayette	368
Loren	369
Madison	370
Mason	371
Orval	372
Abram	373
Aubrey	374
Elliott	375
Hans	376
Karl	377
Minor	378
Wash	379
Wilfred	380
Allan	381
Alphonse	382
Dallas	383
Dee	384
Isiah	385
Jason	386
Johnny	387
Lawson	388
Lew	389
Micheal	390
Orin	391
Addison	392
Cal	393
Erastus	394
Francisco	395
Hardy	396
Lucien	397
Randolph	398
Stewart	399
Vern	400
Wilmer	401
Zack	402
Adrian	403
Alvah	404
Bertram	405
Clay	406
Ephraim	407
Fritz	408
Giles	409
Grover	410
Harris	411
Isom	412
Jesus	413
Johnie	414
Jonathan	415
Lucian	416
Malcolm	417
Merritt	418
Otho	419
Perley	420
Rolla	421
Sandy	422
Tomas	423
Wilford	424
Adolphus	425
Angus	426
Arther	427
Carlos	428
Cary	429
Cassius	430
Davis	431
Hamilton	432
Harve	433
Israel	434
Leander	435
Melville	436
Merle	437
Murray	438
Pleasant	439
Sterling	440
Steven	441
Axel	442
Boyd	443
Bryant	444
Clement	445
Erwin	446
Ezekiel	447
Foster	448
Frances	449
Geo	450
Houston	451
Issac	452
Jules	453
Larkin	454
Mat	455
Morton	456
Orlando	457
Pierce	458
Prince	459
Rollie	460
Rollin	461
Sim	462
Stuart	463
Wilburn	464
Bennett	465
Casper	466
Christ	467
Dell	468
Egbert	469
Elmo	470
Fay	471
Gabriel	472
Hector	473
Horatio	474
Lige	475
Saul	476
Smith	477
Squire	478
Tobe	479
Tommie	480
Wyatt	481
Alford	482
Alma	483
Alton	484
Andres	485
Burl	486
Cicero	487
Dean	488
Dorsey	489
Enos	490
Howell	491
Lou	492
Loyd	493
Mahlon	494
Nat	495
Omar	496
Oran	497
Parker	498
Raleigh	499
Reginald	500
Rubin	501
Seymour	502
Wm	503
Young	504
Benjamine	505
Carey	506
Carlton	507
Eldridge	508
Elzie	509
Garrett	510
Isham	511
Johnson	512
Larry	513
Logan	514
Merrill	515
Mont	516
Oren	517
Pierre	518
Rex	519
Rodney	520
Ted	521
Webster	522
West	523
Wheeler	524
Willam	525
Al	526
Aloysius	527
Alvie	528
Anna	529
Art	530
Augustine	531
Bailey	532
Benjaman	533
Beverly	534
Bishop	535
Clair	536
Cloyd	537
Coleman	538
Dana	539
Duncan	540
Dwight	541
Emile	542
Evert	543
Henderson	544
Hunter	545
Jean	546
Lem	547
Luis	548
Mathias	549
Maynard	550
Miguel	551
Mortimer	552
Nels	553
Norris	554
Pat	555
Phil	556
Rush	557
Santiago	558
Sol	559
Sydney	560
Thaddeus	561
Thornton	562
Tim	563
Travis	564
Truman	565
Watson	566
Webb	567
Wellington	568
Winfred	569
Wylie	570
Alec	571
Basil	572
Baxter	573
Bertrand	574
Buford	575
Burr	576
Cleveland	577
Colonel	578
Dempsey	579
Early	580
Ellsworth	581
Fate	582
Finley	583
Gabe	584
Garland	585
Gerald	586
Herschel	587
Hezekiah	588
Justus	589
Lindsey	590
Marcellus	591
Olaf	592
Olin	593
Pablo	594
Rolland	595
Turner	596
Verne	597
Volney	598
Williams	599
Almon	600
Alois	601
Alonza	602
Anson	603
Authur	604
Benton	605
Billie	606
Cornelious	607
Darius	608
Denis	609
Dillard	610
Doctor	611
Elvin	612
Emma	613
Eric	614
Evans	615
Gideon	616
Haywood	617
Hilliard	618
Hosea	619
Lincoln	620
Lonzo	621
Lucious	622
Lum	623
Malachi	624
Newt	625
Noel	626
Orie	627
Palmer	628
Pinkney	629
Shirley	630
Sumner	631
Terry	632
Urban	633
Uriah	634
Valentine	635
Waldo	636
Warner	637
Wong	638
Zeb	639
Abel	640
Alden	641
Archer	642
Avery	643
Carson	644
Cullen	645
Doc	646
Eben	647
Elige	648
Elizabeth	649
Elmore	650
Ernst	651
Finis	652
Freddie	653
Godfrey	654
Guss	655
Hamp	656
Hermann	657
Isadore	658
Isreal	659
Jones	660
June	661
Lacy	662
Lafe	663
Leland	664
Llewellyn	665
Ludwig	666
Manford	667
Maxwell	668
Minnie	669
Obie	670
Octave	671
Orrin	672
Ossie	673
Oswald	674
Park	675
Parley	676
Ramon	677
Rice	678
Stonewall	679
Theo	680
Tillman	681
Addie	682
Aron	683
Ashley	684
Bernhard	685
Bertie	686
Berton	687
Buster	688
Butler	689
Carleton	690
Carrie	691
Clara	692
Clarance	693
Clare	694
Crawford	695
Danial	696
Dayton	697
Dolphus	698
Elder	699
Ephriam	700
Fayette	701
Felipe	702
Fernando	703
Flem	704
Florence	705
Ford	706
Harlan	707
Hayes	708
Henery	709
Hoy	710
Huston	711
Ida	712
Ivory	713
Jonah	714
Justin	715
Lenard	716
Leopold	717
Lionel	718
Manley	719
Marquis	720
Marshal	721
Mart	722
Odie	723
Olen	724
Oral	725
Orley	726
Otha	727
Press	728
Price	729
Quincy	730
Randall	731
Rich	732
Richmond	733
Romeo	734
Russel	735
Rutherford	736
Shade	737
Shelby	738
Solon	739
Thurman	740
Tilden	741
Troy	742
Woodson	743
Worth	744
Aden	745
Alcide	746
Alf	747
Algie	748
Arlie	749
Bart	750
Bedford	751
Benito	752
Billy	753
Bird	754
Birt	755
Bruno	756
Burley	757
Chancy	758
Claus	759
Cliff	760
Clovis	761
Connie	762
Creed	763
Delos	764
Duke	765
Eber	766
Eligah	767
Elliot	768
Elton	769
Emmitt	770
Gene	771
Golden	772
Hal	773
Hardin	774
Harman	775
Hervey	776
Hollis	777
Ivey	778
Jennie	779
Len	780
Lindsay	781
Lonie	782
Lyle	783
Mac	784
Mal	785
Math	786
Miller	787
Orson	788
Osborne	789
Percival	790
Pleas	791
Ples	792
Rafael	793
Raoul	794
Roderick	795
Rose	796
Shelton	797
Sid	798
Theron	799
Tobias	800
Toney	801
Tyler	802
Vance	803
Vivian	804
Walton	805
Watt	806
Weaver	807
Wilton	808
Adolf	809
Albin	810
Albion	811
Allison	812
Alpha	813
Alpheus	814
Anastacio	815
Andre	816
Annie	817
Arlington	818
Armand	819
Asberry	820
Asbury	821
Asher	822
Augustin	823
Auther	824
Author	825
Ballard	826
Blas	827
Caesar	828
Candido	829
Cato	830
Clarke	831
Clemente	832
Colin	833
Commodore	834
Cora	835
Coy	836
Cruz	837
Curt	838
Damon	839
Davie	840
Delmar	841
Dexter	842
Dora	843
Doss	844
Drew	845
Edson	846
Elam	847
Elihu	848
Eliza	849
Elsie	850
Erie	851
Ernie	852
Ethel	853
Ferd	854
Friend	855
Garry	856
Gary	857
Grace	858
Gustaf	859
Hallie	860
Hampton	861
Harrie	862
Hattie	863
Hence	864
Hillard	865
Hollie	866
Holmes	867
Hope	868
Hyman	869
Ishmael	870
Jarrett	871
Jessee	872
Joeseph	873
Junious	874
Kirk	875
Levy	876
Mervin	877
Michel	878
Milford	879
Mitchel	880
Nellie	881
Noble	882
Obed	883
Oda	884
Orren	885
Ottis	886
Rafe	887
Redden	888
Reese	889
Rube	890
Ruby	891
Rupert	892
Salomon	893
Sammie	894
Sanders	895
Soloman	896
Stacy	897
Stanford	898
Stanton	899
Thad	900
Titus	901
Tracy	902
Vernie	903
Wendell	904
Wilhelm	905
Willian	906
Yee	907
Zeke	908
Ab	909
Abbott	910
Agustus	911
Albertus	912
Almer	913
Alphonso	914
Alvia	915
Artie	916
Arvid	917
Ashby	918
Augusta	919
Aurthur	920
Babe	921
Baldwin	922
Barnett	923
Bartholomew	924
Barton	925
Bernie	926
Blaine	927
Boston	928
Brad	929
Bradford	930
Bradley	931
Brooks	932
Buck	933
Budd	934
Ceylon	935
Chalmers	936
Chesley	937
Chin	938
Cleo	939
Crockett	940
Cyril	941
Daisy	942
Denver	943
Dow	944
Duff	945
Edie	946
Edith	947
Elick	948
Elie	949
Eliga	950
Eliseo	951
Elroy	952
Ely	953
Ennis	954
Enrique	955
Erasmus	956
Esau	957
Everette	958
Firman	959
Fleming	960
Flora	961
Gardner	962
Gee	963
Gorge	964
Gottlieb	965
Gregorio	966
Gregory	967
Gustavus	968
Halsey	969
Handy	970
Hardie	971
Harl	972
Hayden	973
Hays	974
Hermon	975
Hershel	976
Holly	977
Hosteen	978
Hoyt	979
Hudson	980
Huey	981
Humphrey	982
Hunt	983
Hyrum	984
Irven	985
Isam	986
Ivy	987
Jabez	988
Jewel	989
Jodie	990
Judd	991
Julious	992
Justice	993
Katherine	994
Kelly	995
Kit	996
Knute	997
Lavern	998
Lawyer	999
Layton	1000
Brown	1001
Newell	1002
Carter	1003
Lucas	1004
Ransom	1005
Bee	1006
Meyer	1007
Paris	1008
Byrd	1009
Deforest	1010
Dolph	1011
Harper	1012
Jule	1013
Lambert	1014
Margaret	1015
Ocie	1016
Orange	1017
Reece	1018
Roe	1019
Ambers	1020
Bessie	1021
Collins	1022
Elbridge	1023
Eldon	1024
Elvis	1025
Gaston	1026
Guadalupe	1027
Hartwell	1028
Knox	1029
Lue	1030
Manning	1031
Ola	1032
Reed	1033
Sampson	1034
Samual	1035
Thos	1036
Todd	1037
Tommy	1038
Unknown	1039
Wirt	1040
Woodie	1041
Alice	1042
Alvis	1043
Ammon	1044
Boss	1045
Cas	1046
Cass	1047
Chalmer	1048
Denton	1049
Elsworth	1050
Erving	1051
Fredric	1052
Furman	1053
Helen	1054
Pearlie	1055
Plummer	1056
Presley	1057
Rollo	1058
Roswell	1059
Ruffus	1060
Sheldon	1061
Tilman	1062
York	1063
Acie	1064
Alfonso	1065
Ashton	1066
Burke	1067
Cap	1068
Casimiro	1069
Collie	1070
Curley	1071
Dale	1072
Dixon	1073
Dominick	1074
Garret	1075
Gerrit	1076
Griffin	1077
Hall	1078
Heber	1079
Hurley	1080
Isidore	1081
Lorenza	1082
Marian	1083
Maud	1084
Maude	1085
Murphy	1086
Obe	1087
Orla	1088
Orlo	1089
Orrie	1090
Sebastian	1091
Starling	1092
Tolbert	1093
Whit	1094
Adrien	1095
Alto	1096
Angelo	1097
Antone	1098
Arden	1099
Atticus	1100
Belton	1101
Bertha	1102
Blair	1103
Burrell	1104
Callie	1105
Campbell	1106
Champ	1107
Coley	1108
Conway	1109
Craig	1110
Dalton	1111
Darrell	1112
Darwin	1113
Dennie	1114
Ebb	1115
Ebbie	1116
Edna	1117
Ellison	1118
Elonzo	1119
Emit	1120
Emry	1121
Ephram	1122
Esequiel	1123
Essie	1124
Esta	1125
Evertt	1126
Garner	1127
Garnett	1128
Graham	1129
Gregg	1130
Halbert	1131
Harvie	1132
Harvy	1133
Hubbard	1134
Jared	1135
Jere	1136
Joesph	1137
Johnathan	1138
Juluis	1139
Kirby	1140
Kyle	1141
Lane	1142
Lawerence	1143
Less	1144
Linwood	1145
Louise	1146
Lowell	1147
Loy	1148
Lucy	1149
Manly	1150
Mannie	1151
Marcel	1152
Marius	1153
Marrion	1154
Mercer	1155
Monte	1156
Montgomery	1157
Nolan	1158
Okey	1159
Page	1160
Philo	1161
Primus	1162
Prosper	1163
Pryor	1164
Rene	1165
Robin	1166
Roll	1167
Seward	1168
Shannon	1169
Talmage	1170
Vaughn	1171
Verner	1172
Waverly	1173
Weldon	1174
Wells	1175
Wiliam	1176
Wing	1177
Wood	1178
Wright	1179
Add	1180
Adelard	1181
Cleve	1182
Linus	1183
Martha	1184
Reinhold	1185
Junior	1186
Ace	1187
Armstead	1188
Benedict	1189
Brice	1190
Gibson	1191
May	1192
Mills	1193
Adolfo	1194
Alanzo	1195
Antoine	1196
Ethan	1197
Eustace	1198
Ewing	1199
Fernand	1200
Fisher	1201
Gail	1202
Harland	1203
Hilary	1204
Hosie	1205
Lemon	1206
Lora	1207
Marsh	1208
Newman	1209
Nickolas	1210
Olie	1211
Pearley	1212
Roman	1213
Rome	1214
Rowland	1215
Shelly	1216
Vicente	1217
Weston	1218
Alan	1219
Alberto	1220
Alexis	1221
Auguste	1222
Bascom	1223
Cameron	1224
Camille	1225
Clabe	1226
Cooper	1227
Domingo	1228
Elwin	1229
Emilio	1230
French	1231
Gerhard	1232
Hansford	1233
Jarvis	1234
Jobe	1235
Josephus	1236
Landon	1237
Lennie	1238
Leonidas	1239
Lesley	1240
Lillian	1241
Linn	1242
Littleton	1243
Lone	1244
Margarito	1245
Mattie	1246
Melton	1247
Ott	1248
Randle	1249
Seaborn	1250
Severt	1251
Steward	1252
Sylvanus	1253
Theadore	1254
Theophile	1255
Vester	1256
Wenzel	1257
Alby	1258
Alcee	1259
Almond	1260
Alvy	1261
Amon	1262
Ansel	1263
Bayard	1264
Benny	1265
Bluford	1266
Booker	1267
Burnett	1268
Burney	1269
Caswell	1270
Claudie	1271
Conley	1272
Cortez	1273
Dionicio	1274
Donnie	1275
Eldred	1276
Ell	1277
Ellery	1278
Ellwood	1279
Elva	1280
Emmit	1281
Erle	1282
Essex	1283
Ewell	1284
Ewin	1285
Fabian	1286
Florencio	1287
Fremont	1288
Gaines	1289
Garnet	1290
Gaylord	1291
German	1292
Greene	1293
Brady	1294
Festus	1295
Jewell	1296
Odell	1297
Rosco	1298
Bernice	1299
Chauncy	1300
Delmer	1301
Effie	1302
Ellie	1303
Jimmy	1304
Lars	1305
Milas	1306
Miner	1307
Rogers	1308
Sarah	1309
Wess	1310
Woody	1311
Bryan	1312
Douglass	1313
Hilton	1314
Irvine	1315
Isidor	1316
Jeptha	1317
Mabel	1318
Malcom	1319
Mell	1320
Olof	1321
Robt	1322
Ronald	1323
Simpson	1324
Spurgeon	1325
Tandy	1326
Thurlow	1327
Toy	1328
Winston	1329
Zeno	1330
Alphonsus	1331
Alvan	1332
Amado	1333
Ananias	1334
Ancel	1335
Atlas	1336
Banks	1337
Barry	1338
Blake	1339
Blanchard	1340
Bose	1341
Captain	1342
Ceasar	1343
Chance	1344
Chancey	1345
Charle	1346
Clide	1347
Dink	1348
Ella	1349
Emett	1350
Erick	1351
Estill	1352
Fenton	1353
Gale	1354
Gay	1355
Grove	1356
Hanson	1357
Harlie	1358
Harlow	1359
Haskell	1360
Ingram	1361
Iva	1362
Jep	1363
Joy	1364
Lessie	1365
Lillie	1366
Linton	1367
Linzy	1368
Little	1369
Loney	1370
Loring	1371
Lovie	1372
Lute	1373
Mace	1374
Matthias	1375
Meredith	1376
Benjamen	1377
Jens	1378
Oakley	1379
Whitney	1380
Donaciano	1381
Hayward	1382
Loran	1383
Love	1384
Son	1385
Tollie	1386
Vollie	1387
Bonnie	1388
Catherine	1389
Ebenezer	1390
Ewald	1391
Herb	1392
Julia	1393
Silvester	1394
Stafford	1395
Sullivan	1396
Thurston	1397
Wayman	1398
Wes	1399
Winnie	1400
Burrel	1401
Cleon	1402
Dozier	1403
Elden	1404
Fulton	1405
Helmer	1406
Hill	1407
Hjalmer	1408
Ignatz	1409
Kelley	1410
Marlin	1411
Moody	1412
Myrtle	1413
Namon	1414
Odin	1415
Odis	1416
Oley	1417
Osborn	1418
Osie	1419
Prentice	1420
Purl	1421
Roby	1422
Shep	1423
Simmie	1424
Stanislaus	1425
Vander	1426
Zollie	1427
Abb	1428
Ah	1429
Aleck	1430
Beecher	1431
Blain	1432
Bowman	1433
Bunk	1434
Burgess	1435
Carol	1436
Charly	1437
Clell	1438
Cody	1439
Lamar	1440
Worley	1441
Arley	1442
Nicolas	1443
Terence	1444
Claire	1445
Earley	1446
Elzy	1447
Fielding	1448
Gertrude	1449
Nora	1450
Norton	1451
Clemens	1452
Earlie	1453
Ellen	1454
Epifanio	1455
Glover	1456
Lark	1457
Laurance	1458
Leigh	1459
Braxton	1460
Cleave	1461
Colon	1462
Constantine	1463
Dominic	1464
Emiliano	1465
Fleet	1466
Franklyn	1467
Hobart	1468
Josephine	1469
Laverne	1470
Lillard	1471
Lim	1472
Merlin	1473
Milan	1474
Nim	1475
Norbert	1476
North	1477
Orland	1478
Orvis	1479
Reason	1480
Rob	1481
Virge	1482
Zenas	1483
Ada	1484
Alejandro	1485
Atha	1486
Audie	1487
Boyce	1488
Brent	1489
Burdette	1490
Cash	1491
Chase	1492
Clive	1493
Courtney	1494
Cris	1495
Dawson	1496
Drury	1497
Duane	1498
Elon	1499
Estevan	1500
Fitzhugh	1501
Fount	1502
Gray	1503
Terrence	1504
Bartley	1505
Shedrick	1506
Dixie	1507
Ignacio	1508
Merl	1509
Nehemiah	1510
Norwood	1511
Raphael	1512
Reno	1513
Rudy	1514
Rueben	1515
Sylvan	1516
Virgle	1517
Charls	1518
Cole	1519
Elby	1520
Ferman	1521
Fern	1522
Florian	1523
Fuller	1524
Gorden	1525
Gussie	1526
Ham	1527
Hazel	1528
Ignatius	1529
Joaquin	1530
Lacey	1531
Laurie	1532
Lilburn	1533
Lovell	1534
Lovett	1535
Malvin	1536
Manson	1537
Pratt	1538
Reid	1539
Ruffin	1540
Tomie	1541
Vince	1542
Wayland	1543
Acey	1544
Alger	1545
Algernon	1546
Amasa	1547
Amil	1548
Barrett	1549
Britt	1550
Burns	1551
Calhoun	1552
Christy	1553
Cletus	1554
Colbert	1555
Courtland	1556
Myles	1557
Irl	1558
Benson	1559
Norval	1560
Armond	1561
Frazier	1562
Thompson	1563
Alfredo	1564
Grady	1565
Lorenz	1566
Peyton	1567
Seldon	1568
Ethelbert	1569
Eva	1570
Gilman	1571
Henri	1572
Iver	1573
Laura	1574
Leonce	1575
Mamie	1576
Orion	1577
Ottie	1578
Rudolf	1579
Selmer	1580
Shepherd	1581
Yancy	1582
Abbie	1583
Agnes	1584
Arnie	1585
Arvin	1586
Blanche	1587
Bliss	1588
Cassie	1589
Dewey	1590
Diego	1591
Dorr	1592
Edmon	1593
Estes	1594
Gilford	1595
Graves	1596
Hillery	1597
Laurel	1598
Carlisle	1599
Hughie	1600
Orvel	1601
Angel	1602
Horton	1603
Lena	1604
Marie	1605
Waymon	1606
Arno	1607
Burnie	1608
Elgie	1609
Fannie	1610
Felton	1611
Keith	1612
Maxie	1613
Nils	1614
Sie	1615
Sonny	1616
Vere	1617
Virgie	1618
Benjman	1619
Bernardo	1620
Casey	1621
Celestino	1622
Cephus	1623
Della	1624
Hart	1625
Hillary	1626
Hilmer	1627
Holland	1628
Jacques	1629
Johny	1630
Jordon	1631
Julien	1632
Julio	1633
Kay	1634
Le	1635
Leeroy	1636
Liston	1637
Lott	1638
Doyle	1639
Gerard	1640
Alfonzo	1641
Carlie	1642
Branch	1643
Bush	1644
Elgin	1645
Federico	1646
Franz	1647
Governor	1648
Maury	1649
Nancy	1650
Salvatore	1651
Werner	1652
Edw	1653
Ernesto	1654
Fed	1655
Foy	1656
Galen	1657
Genie	1658
Hjalmar	1659
Lawton	1660
Levin	1661
Lish	1662
Pascal	1663
Posey	1664
Redmond	1665
Rosendo	1666
Talmadge	1667
Winford	1668
Abie	1669
Alta	1670
Alver	1671
Anatole	1672
Bobbie	1673
Boone	1674
Buell	1675
Claiborne	1676
Loyal	1677
Eduardo	1678
Maggie	1679
Needham	1680
Mansfield	1681
Ras	1682
Guilford	1683
Sing	1684
Xavier	1685
Charlton	1686
Eula	1687
Mckinley	1688
Polk	1689
Shellie	1690
Bentley	1691
Claudius	1692
Conard	1693
Cornell	1694
Ester	1695
Esther	1696
Mae	1697
Mildred	1698
Neely	1699
Owens	1700
Rance	1701
Red	1702
Robbie	1703
Sigurd	1704
Teddy	1705
Val	1706
Almus	1707
Sheridan	1708
Lorin	1709
Carmine	1710
Jonnie	1711
Kent	1712
Murl	1713
Ricardo	1714
Wilfrid	1715
Adlai	1716
Buddie	1717
Burk	1718
Dessie	1719
Edison	1720
Gifford	1721
Goldie	1722
Hurbert	1723
Iverson	1724
Job	1725
Leamon	1726
Olive	1727
Powell	1728
Rexford	1729
Roma	1730
Romie	1731
Vick	1732
Waldemar	1733
Zebulon	1734
Alferd	1735
Algot	1736
Alphons	1737
Audley	1738
Barnard	1739
Berkley	1740
Bethel	1741
Caroline	1742
Corbett	1743
Ruth	1744
Fidel	1745
Guillermo	1746
Murry	1747
Reubin	1748
Rocco	1749
Samson	1750
Westley	1751
Alba	1752
Irene	1753
Murdock	1754
Nolen	1755
Royce	1756
Ruel	1757
Willaim	1758
Beryl	1759
Beulah	1760
Burleigh	1761
Carrol	1762
Con	1763
Dillon	1764
Ebert	1765
Encarnacion	1766
Cedric	1767
Estel	1768
Mayo	1769
Shelley	1770
Thorwald	1771
Durward	1772
Luster	1773
Arnett	1774
Aubra	1775
Avon	1776
Bolden	1777
Dannie	1778
Elex	1779
Ferris	1780
Jeffie	1781
Lexie	1782
Link	1783
Moises	1784
Myer	1785
Carlyle	1786
Arvel	1787
Erby	1788
Floy	1789
Hughey	1790
Ovid	1791
Alston	1792
Audrey	1793
Buddy	1794
Clemmie	1795
Clemon	1796
Dorothy	1797
Einar	1798
Gurney	1799
Hebert	1800
Hezzie	1801
Kurt	1802
Lois	1803
Lula	1804
Mearl	1805
Oddie	1806
Ramsey	1807
Vinton	1808
Zed	1809
Audy	1810
Barnie	1811
Donat	1812
Emmons	1813
Erich	1814
Esley	1815
Eston	1816
Roosevelt	1817
Hartley	1818
Jennings	1819
Hobert	1820
Montie	1821
Rae	1822
Arvil	1823
Casimer	1824
Elwyn	1825
Evander	1826
Gaither	1827
Grafton	1828
Guthrie	1829
Jettie	1830
Lannie	1831
Lea	1832
Moe	1833
Nestor	1834
Ovila	1835
Reynold	1836
Reynolds	1837
Susie	1838
True	1839
Alwin	1840
Casimir	1841
Vergil	1842
Hazen	1843
Sigmund	1844
Saint	1845
Silver	1846
Eugenio	1847
Lisle	1848
Milburn	1849
Carmen	1850
Orris	1851
Rayford	1852
Raymon	1853
Virgel	1854
Aloys	1855
Cam	1856
Hale	1857
Nile	1858
Offie	1859
Opal	1860
Rosa	1861
Wardell	1862
Willy	1863
Acy	1864
Arthor	1865
Boysie	1866
Britton	1867
Oris	1868
Gladys	1869
Georgia	1870
Bryon	1871
Elvie	1872
Frankie	1873
Mario	1874
Pasquale	1875
Rhoda	1876
Rossie	1877
Sherwood	1878
Buel	1879
Clearence	1880
Dabney	1881
Diamond	1882
Dorris	1883
Everet	1884
Ezell	1885
Hobson	1886
Admiral	1887
Shafter	1888
Maceo	1889
Schley	1890
Ewart	1891
Patsy	1892
Arba	1893
Orvil	1894
Adams	1895
Collier	1896
Gayle	1897
Gladstone	1898
Hilario	1899
Kathryn	1900
Mickey	1901
Odus	1902
Vernal	1903
Von	1904
Haven	1905
Williard	1906
Stephan	1907
Collis	1908
Griffith	1909
Jethro	1910
Vic	1911
Viola	1912
Baker	1913
Beatrice	1914
Bynum	1915
Colvin	1916
Doris	1917
Elizah	1918
Eunice	1919
Leighton	1920
Linnie	1921
Lizzie	1922
Rosevelt	1923
Farris	1924
Lemmie	1925
Estell	1926
Goebel	1927
Tallie	1928
Arlo	1929
Artis	1930
Collin	1931
Eddy	1932
Hester	1933
Lauren	1934
Lupe	1935
Ozie	1936
Salvador	1937
Santos	1938
Schuyler	1939
Arturo	1940
Donovan	1941
Kermit	1942
Eino	1943
Olan	1944
Danny	1945
Lola	1946
Esco	1947
Josef	1948
Lance	1949
Leona	1950
Mathews	1951
Ova	1952
Pate	1953
Regis	1954
Rosario	1955
Vito	1956
Adron	1957
Ancil	1958
Arland	1959
Buren	1960
Erland	1961
Johney	1962
Clarnce	1963
Garvin	1964
Agustin	1965
Nathen	1966
Oneal	1967
Verna	1968
Victoriano	1969
Doll	1970
Georgie	1971
Heyward	1972
Ivor	1973
Myrl	1974
Beckham	1975
Thedore	1976
Thelma	1977
Trinidad	1978
Verl	1979
Evelyn	1980
Hershell	1981
Marty	1982
Roberto	1983
Teddie	1984
Terrell	1985
Hilbert	1986
Lenon	1987
Lenord	1988
Ozzie	1989
Porfirio	1990
Sammy	1991
Rayfield	1992
Waino	1993
Clemence	1994
Harm	1995
Jamie	1996
Vincenzo	1997
Welton	1998
Adrain	1999
Arbie	2000
Betty	2001
Bobby	2002
Desmond	2003
Domenic	2004
Duard	2005
Raul	2006
Severo	2007
Tobie	2008
Council	2009
Domenick	2010
Darrel	2011
Graydon	2012
Fredie	2013
Eliot	2014
Hoke	2015
Pauline	2016
Tyree	2017
Arne	2018
Bell	2019
Carlo	2020
Hansel	2021
Jiles	2022
Leonardo	2023
Quentin	2024
Toby	2025
Verlin	2026
Winthrop	2027
Domenico	2028
Harrold	2029
Lucille	2030
Ryan	2031
Benard	2032
Quinton	2033
Rodolfo	2034
Armando	2035
Delmas	2036
Denzil	2037
Luciano	2038
Lyndon	2039
Vera	2040
Taft	2041
Delphin	2042
Rodger	2043
Woodrow	2044
Burnice	2045
Giovanni	2046
Americo	2047
Ardell	2048
Delmus	2049
Gilmer	2050
Lucio	2051
Mariano	2052
Ogden	2053
Oland	2054
Prentiss	2055
Samie	2056
Hadley	2057
Francesco	2058
Toivo	2059
Robley	2060
Verle	2061
Farrell	2062
Nathanial	2063
Reyes	2064
Eleanor	2065
Emmanuel	2066
Esker	2067
Florentino	2068
Gaetano	2069
Levie	2070
Guido	2071
Aurelio	2072
Curtiss	2073
Othel	2074
Santo	2075
Harrell	2076
Lenwood	2077
Leopoldo	2078
Dante	2079
Ann	2080
Halley	2081
Reino	2082
Carmelo	2083
Wyman	2084
Silvio	2085
Colie	2086
Alfonse	2087
Aldo	2088
Amerigo	2089
Enrico	2090
Gasper	2091
Attilio	2092
Woodroe	2093
Nunzio	2094
Burnell	2095
Erling	2096
Gilberto	2097
Glendon	2098
Larue	2099
Masao	2100
Nevin	2101
Armin	2102
Tyrus	2103
Kendall	2104
Garold	2105
Gennaro	2106
Cosmo	2107
Luigi	2108
Hymen	2109
Donato	2110
Melbourne	2111
Merwin	2112
Winton	2113
Gino	2114
Glenwood	2115
Geno	2116
Glynn	2117
Nello	2118
Durwood	2119
Gilmore	2120
Saverio	2121
Garth	2122
Hiroshi	2123
Arlin	2124
Yoshio	2125
Arvo	2126
Deward	2127
Hughes	2128
Tatsuo	2129
Jerald	2130
Zigmund	2131
Gerhardt	2132
Lynwood	2133
Berlin	2134
Merlyn	2135
Pershing	2136
Hideo	2137
Normand	2138
Orvin	2139
Joyce	2140
Minoru	2141
Foch	2142
Bryce	2143
Carmel	2144
Marco	2145
Winifred	2146
Edsel	2147
Quinten	2148
Kiyoshi	2149
Therman	2150
Kazuo	2151
Metro	2152
Laddie	2153
Harding	2154
Kennith	2155
Eloy	2156
Daryl	2157
Rayburn	2158
Jon	2159
Dewayne	2160
Marcos	2161
Kevin	2162
Harden	2163
Delton	2164
Reynaldo	2165
Donal	2166
Toshio	2167
Dwayne	2168
Zane	2169
Luverne	2170
Jackie	2171
Ramiro	2172
Harlen	2173
Deane	2174
Dwain	2175
Boris	2176
Dorman	2177
Coolidge	2178
Refugio	2179
Darold	2180
Donn	2181
Faustino	2182
Brian	2183
Melvyn	2184
Esteban	2185
Freddy	2186
Virginia	2187
Marlyn	2188
Ken	2189
Dwaine	2190
Gearld	2191
Valentino	2192
Lindy	2193
Lindbergh	2194
Shoji	2195
Denny	2196
Gonzalo	2197
Jorge	2198
Jerrold	2199
Akira	2200
Maria	2201
Hoover	2202
Jerold	2203
Arlen	2204
Ronnie	2205
Marcelino	2206
Verlyn	2207
Ismael	2208
Fidencio	2209
Dolores	2210
Adan	2211
Davey	2212
Derald	2213
Barbara	2214
Humberto	2215
Joan	2216
Sherwin	2217
Lavon	2218
Duwayne	2219
Genaro	2220
Kenny	2221
Rogelio	2222
Rolf	2223
Arnulfo	2224
Gerry	2225
Derl	2226
Gerold	2227
Arlan	2228
Patricia	2229
Dino	2230
Wally	2231
Mervyn	2232
Allyn	2233
Monty	2234
Dickie	2235
Jan	2236
Arlis	2237
Kaye	2238
Kenton	2239
Sherrill	2240
Darl	2241
Raymundo	2242
Delano	2243
Terrance	2244
Ronny	2245
Chuck	2246
Orlin	2247
Gloria	2248
Darryl	2249
Marc	2250
Sal	2251
Stan	2252
Cordell	2253
Darvin	2254
Derrell	2255
Jame	2256
Jacky	2257
Lanny	2258
Ron	2259
Marland	2260
Arlyn	2261
Jerrell	2262
Jeffrey	2263
Valentin	2264
Kerry	2265
Ferrell	2266
Gaylon	2267
Jerrel	2268
Darwyn	2269
Dwane	2270
Randy	2271
Ian	2272
Delwin	2273
Gustavo	2274
Verlon	2275
Vernell	2276
Delma	2277
Windell	2278
Kim	2279
Errol	2280
Reggie	2281
Geoffrey	2282
Mel	2283
Sergio	2284
Del	2285
Donnell	2286
Tyrone	2287
Sharon	2288
Donny	2289
Doug	2290
Marilyn	2291
Carolyn	2292
Delvin	2293
Janet	2294
Levon	2295
Ozell	2296
Gaylen	2297
Lamont	2298
Tex	2299
Lonny	2300
Autry	2301
Rondal	2302
Randal	2303
Dion	2304
Greg	2305
Sandra	2306
Judith	2307
Scotty	2308
Ronal	2309
Jeffery	2310
Randell	2311
Joey	2312
Nicky	2313
Leonel	2314
Harlon	2315
Lawrance	2316
Linda	2317
Barrie	2318
Darnell	2319
Isidro	2320
Wilkie	2321
Rick	2322
Ricky	2323
Donna	2324
Janice	2325
Javier	2326
Wendel	2327
Erik	2328
Lindell	2329
Judy	2330
Jeffry	2331
Karen	2332
Brendan	2333
Darell	2334
Mcarthur	2335
Macarthur	2336
Rickey	2337
Rod	2338
Niles	2339
Jeremy	2340
Susan	2341
Walt	2342
Lary	2343
Jaime	2344
Noe	2345
Rocky	2346
Derek	2347
Les	2348
Terrill	2349
Russ	2350
Timmy	2351
Butch	2352
Sean	2353
Linden	2354
Roddy	2355
Rickie	2356
Lenny	2357
Rusty	2358
Dane	2359
Geary	2360
Eusebio	2361
Garey	2362
Lucky	2363
Gerardo	2364
Gil	2365
Richie	2366
Carnell	2367
Chad	2368
Hank	2369
Dorian	2370
Rolando	2371
Kip	2372
Mikel	2373
Jonathon	2374
Stevan	2375
Kris	2376
Jody	2377
Lyn	2378
Zachary	2379
Brett	2380
Patric	2381
Rory	2382
Rand	2383
Robby	2384
Cornel	2385
Shawn	2386
Skip	2387
Randel	2388
Jed	2389
Dirk	2390
Brock	2391
Deryl	2392
Stevie	2393
Derrick	2394
Jerel	2395
Cesar	2396
Baron	2397
Kathleen	2398
Stefan	2399
Donell	2400
Corey	2401
Kelvin	2402
Ezzard	2403
Tod	2404
Shaun	2405
Brant	2406
Scot	2407
Efrain	2408
Stacey	2409
Brandon	2410
Marlon	2411
Jory	2412
Layne	2413
Danniel	2414
Michial	2415
Ritchie	2416
Edwardo	2417
Kimberly	2418
Ricki	2419
Kurtis	2420
Cory	2421
Deborah	2422
Scottie	2423
Erasmo	2424
Rudolfo	2425
Lex	2426
Rodrick	2427
Daryle	2428
Greggory	2429
Darren	2430
Mikeal	2431
Trent	2432
Michal	2433
Theodis	2434
Damian	2435
Kimball	2436
Michale	2437
Wilfredo	2438
Shane	2439
Robbin	2440
Kraig	2441
Kirt	2442
Chip	2443
Randolf	2444
Bret	2445
Antony	2446
Bradly	2447
Faron	2448
Blaise	2449
Alvaro	2450
Ricci	2451
Dusty	2452
Debra	2453
Rock	2454
Keven	2455
Gavin	2456
Kevan	2457
Blane	2458
Demetrius	2459
Rahn	2460
Barron	2461
Heriberto	2462
Jude	2463
Levern	2464
Darcy	2465
Micky	2466
Kennard	2467
Davy	2468
Tad	2469
Rhett	2470
Ty	2471
Mitch	2472
Jefferey	2473
Dann	2474
Timmothy	2475
Broderick	2476
Derwin	2477
Chet	2478
Quintin	2479
Timmie	2480
Tab	2481
Tracey	2482
Jace	2483
Kem	2484
Brion	2485
Andrea	2486
Cynthia	2487
Kennth	2488
Renaldo	2489
Desi	2490
Renard	2491
Trevor	2492
Kenney	2493
Brien	2494
Cheyenne	2495
Derick	2496
Robb	2497
Devin	2498
Kerwin	2499
Grayling	2500
Quinn	2501
Wayde	2502
Maverick	2503
Tobin	2504
Kristopher	2505
Keenan	2506
Diane	2507
Cheryl	2508
Reinaldo	2509
Jamey	2510
Darrin	2511
Flint	2512
Darin	2513
Daren	2514
Efrem	2515
Kieth	2516
Micah	2517
Andra	2518
Chaim	2519
Raynard	2520
Leif	2521
Kennedy	2522
Lisa	2523
Darrick	2524
Darry	2525
Roel	2526
Darron	2527
Darryle	2528
Stephon	2529
Darryll	2530
Brenda	2531
Devon	2532
Arnoldo	2533
Kory	2534
Regan	2535
Brook	2536
Shayne	2537
Lorne	2538
Parrish	2539
Drake	2540
Norberto	2541
Kalvin	2542
Pernell	2543
Markus	2544
Thor	2545
Osvaldo	2546
Anibal	2547
Daron	2548
Deon	2549
Edgardo	2550
Geoff	2551
Tammy	2552
Jayson	2553
Rodrigo	2554
Tyron	2555
Dwyane	2556
Stoney	2557
Tal	2558
Jaimie	2559
Trenton	2560
Andreas	2561
Vinson	2562
Pamela	2563
Erin	2564
Mauricio	2565
Rigoberto	2566
Roderic	2567
Destry	2568
Deron	2569
Fitzgerald	2570
Quint	2571
Kipp	2572
Trey	2573
Kendrick	2574
Deric	2575
Terance	2576
Antonia	2577
Shon	2578
Daryn	2579
Darien	2580
Darryn	2581
Trace	2582
Darian	2583
Dario	2584
Chadwick	2585
Brain	2586
Reginal	2587
Heath	2588
Jarrod	2589
Michelle	2590
Illya	2591
Brenton	2592
Michele	2593
Dylan	2594
Efren	2595
Arron	2596
Tyson	2597
Cedrick	2598
Dereck	2599
Brennan	2600
Jerrod	2601
Garrick	2602
Jennifer	2603
Angela	2604
Claudio	2605
Derik	2606
Octavio	2607
Alfie	2608
Brendon	2609
Kristian	2610
Shad	2611
Ariel	2612
Liam	2613
Tina	2614
Beau	2615
Giuseppe	2616
Franco	2617
Dustin	2618
Jamal	2619
Damien	2620
Waylon	2621
Colby	2622
Damion	2623
Brenden	2624
Korey	2625
Tye	2626
Rico	2627
Darby	2628
Melissa	2629
Anthoney	2630
Jade	2631
Lamonte	2632
Shan	2633
Johnathon	2634
Tory	2635
Trever	2636
Lazaro	2637
Jemal	2638
Jamison	2639
Aric	2640
Ari	2641
Donavan	2642
Torrey	2643
Torrance	2644
Shanon	2645
Chandler	2646
Ali	2647
Corwin	2648
Amy	2649
Jameson	2650
Demetrios	2651
Jasen	2652
Davin	2653
Cale	2654
Jermaine	2655
Malik	2656
Jeromy	2657
Jammie	2658
Che	2659
Bronson	2660
Dax	2661
Brandt	2662
Kenyatta	2663
Antione	2664
Laron	2665
Antwan	2666
Branden	2667
Dedric	2668
Jayme	2669
Kelsey	2670
Torrence	2671
Shea	2672
Kenyon	2673
Kristin	2674
Shay	2675
Corbin	2676
Cristopher	2677
Jeramy	2678
Braden	2679
Kenya	2680
Dedrick	2681
Tate	2682
Germaine	2683
Nigel	2684
Jerod	2685
Christoper	2686
Chadd	2687
Jarod	2688
Tristan	2689
Brannon	2690
Jeremey	2691
Deandre	2692
Kiley	2693
Donavon	2694
Sedrick	2695
Hassan	2696
Jamel	2697
Jeramie	2698
Marcelo	2699
Coby	2700
Deshawn	2701
Toriano	2702
Kwame	2703
Kasey	2704
Demian	2705
Kristofer	2706
Paulo	2707
Donte	2708
Jarred	2709
Demond	2710
Kareem	2711
Vidal	2712
Zachariah	2713
Jamar	2714
Abdul	2715
Jermain	2716
Tremayne	2717
Jeremie	2718
Marlo	2719
Lashawn	2720
Brandy	2721
Josue	2722
Jabbar	2723
Kristoffer	2724
Diallo	2725
Tito	2726
Damond	2727
Nicole	2728
Dameon	2729
Rahsaan	2730
Nathanael	2731
Abelardo	2732
Cade	2733
Vashon	2734
Taurus	2735
Chadrick	2736
Tarik	2737
Marcello	2738
Dominique	2739
Donta	2740
Moshe	2741
Zachery	2742
Jevon	2743
Stephanie	2744
Nakia	2745
Telly	2746
Ahmad	2747
Jamil	2748
Toma	2749
Trinity	2750
Jereme	2751
Dejuan	2752
Jabari	2753
Ahmed	2754
Heather	2755
Demarcus	2756
Antwon	2757
Jered	2758
Rashad	2759
Kristen	2760
Mauro	2761
Benji	2762
Tavares	2763
Marques	2764
Rasheed	2765
Jerad	2766
Corry	2767
Cristobal	2768
Deangelo	2769
Karim	2770
Sharif	2771
Demarco	2772
Kareen	2773
Rebecca	2774
Raheem	2775
Jamaal	2776
Jovan	2777
Seneca	2778
Jermey	2779
Torey	2780
Hakim	2781
Cortney	2782
Jamin	2783
Javon	2784
Zackary	2785
Ezequiel	2786
Jerimy	2787
Muhammad	2788
Jameel	2789
Brody	2790
Jaron	2791
Dimitrios	2792
Taj	2793
Tanner	2794
Torry	2795
Amir	2796
Levar	2797
Lavar	2798
Kunta	2799
Jedediah	2800
Jerimiah	2801
Kinte	2802
Rashawn	2803
Jeramiah	2804
Jessica	2805
Jedidiah	2806
Amin	2807
Rian	2808
Conor	2809
Lydell	2810
Davon	2811
Kaleb	2812
Samir	2813
Zackery	2814
Khalid	2815
Bo	2816
Cristian	2817
Demetric	2818
Horacio	2819
Anwar	2820
Nicholaus	2821
Kenji	2822
Nikolas	2823
Demario	2824
Johnpaul	2825
Nicklaus	2826
Jarret	2827
Kody	2828
Antwain	2829
Dequan	2830
Lukas	2831
Christina	2832
Deshaun	2833
Juston	2834
Hasan	2835
Jeb	2836
Amanda	2837
Andrae	2838
Kendell	2839
Tucker	2840
Keon	2841
Garett	2842
Amit	2843
Omari	2844
Tyrell	2845
Mohammad	2846
Bryson	2847
Tyrel	2848
Tremaine	2849
Jarrad	2850
Rustin	2851
Kai	2852
Justen	2853
Keegan	2854
Chaz	2855
Yoel	2856
Jarad	2857
Jessy	2858
Bjorn	2859
Brandan	2860
Dustan	2861
Isaias	2862
Kellen	2863
Skyler	2864
Marchello	2865
Mohammed	2866
Johathan	2867
Adalberto	2868
Connor	2869
Dontae	2870
Taurean	2871
Skylar	2872
Mohamed	2873
Colt	2874
Kiel	2875
Colton	2876
Eliezer	2877
Darrius	2878
Tuan	2879
Hung	2880
Long	2881
Lamarcus	2882
Justine	2883
Huy	2884
Akeem	2885
Cassidy	2886
Devan	2887
Martell	2888
Remington	2889
Jacoby	2890
Jakob	2891
Trumaine	2892
Marquise	2893
Deven	2894
Crystal	2895
Ryne	2896
Coty	2897
Grayson	2898
Jerrad	2899
Jarrell	2900
Baby	2901
Brandin	2902
Alonso	2903
Danielle	2904
Tavon	2905
Travon	2906
Deonte	2907
Rachel	2908
Kameron	2909
Tavaris	2910
Tylor	2911
Jairo	2912
Durell	2913
Durrell	2914
Channing	2915
Jaymes	2916
Dakota	2917
Keaton	2918
Ulises	2919
Brandyn	2920
Mackenzie	2921
Maximilian	2922
Uriel	2923
Terell	2924
Kale	2925
Dandre	2926
Kolby	2927
Joshuah	2928
Martez	2929
Rayshawn	2930
Dangelo	2931
Derrek	2932
Cordero	2933
Jayce	2934
Yaakov	2935
Kyler	2936
Alexandro	2937
Zechariah	2938
Giancarlo	2939
Garrison	2940
Spenser	2941
Austen	2942
Payton	2943
Kalen	2944
Kane	2945
Mychal	2946
Conner	2947
Cordaro	2948
Dashawn	2949
Holden	2950
Octavius	2951
Rashaad	2952
Montrell	2953
Jaren	2954
Joseluis	2955
Trevin	2956
Brennen	2957
Kegan	2958
Camron	2959
Colten	2960
Codey	2961
Arsenio	2962
Jaquan	2963
Geraldo	2964
Kelby	2965
Jamarcus	2966
Marquez	2967
Dominque	2968
Brittany	2969
Ridge	2970
Mikhail	2971
Brantley	2972
Nico	2973
Kade	2974
Alexandre	2975
Christop	2976
Infant	2977
Alexande	2978
Hakeem	2979
Kadeem	2980
Gage	2981
Khiry	2982
Jasmine	2983
Daquan	2984
Niko	2985
Rakeem	2986
Nikko	2987
Dionte	2988
Samantha	2989
Darion	2990
Kendal	2991
Kiara	2992
Tiffany	2993
Khalil	2994
Najee	2995
Ladarius	2996
Stetson	2997
Yosef	2998
Trevon	2999
Dimitri	3000
Tevin	3001
Denzel	3002
Male	3003
Laquan	3004
Kiefer	3005
Jorden	3006
Ibrahim	3007
Mykel	3008
Kevon	3009
Zakary	3010
Aidan	3011
Talon	3012
Codie	3013
Hernan	3014
Camden	3015
Deontae	3016
Keenen	3017
Misael	3018
Devonte	3019
Sage	3020
Dillan	3021
Gunnar	3022
Shaquille	3023
Dillion	3024
Dylon	3025
Storm	3026
Domonique	3027
Codi	3028
Jaleel	3029
Davion	3030
Brayden	3031
Denzell	3032
Devante	3033
Dijon	3034
Keifer	3035
Tariq	3036
Babyboy	3037
Sawyer	3038
Desean	3039
Deonta	3040
Kolton	3041
Justyn	3042
Unnamed	3043
Dejon	3044
Bilal	3045
Deante	3046
Jalen	3047
Tre	3048
Davonte	3049
Devonta	3050
Javonte	3051
Devontae	3052
Deion	3053
Demetri	3054
Davante	3055
Dyllan	3056
Trae	3057
Dondre	3058
Tayler	3059
Caden	3060
Dakotah	3061
Montel	3062
Davonta	3063
Dalvin	3064
Tyshawn	3065
Maximillian	3066
Juwan	3067
Tyquan	3068
Kieran	3069
Colter	3070
Jaylen	3071
Devyn	3072
Savon	3073
Deondre	3074
Darrian	3075
Dallin	3076
Jordy	3077
Mikal	3078
Adonis	3079
Kelton	3080
Shaquan	3081
Devaughn	3082
Darrien	3083
Austyn	3084
Kaden	3085
Darrion	3086
Fredy	3087
Montana	3088
Kole	3089
Syed	3090
Demonte	3091
Dakoda	3092
Jaden	3093
Keanu	3094
Jaylon	3095
Daulton	3096
Shyheim	3097
Markell	3098
Menachem	3099
Markel	3100
Jayden	3101
Khari	3102
Trayvon	3103
Gunner	3104
Auston	3105
Cain	3106
Jaylin	3107
River	3108
Alek	3109
Destin	3110
Tyrin	3111
Ryder	3112
Armani	3113
Kahlil	3114
Bryton	3115
Jonatan	3116
Tristen	3117
Triston	3118
Raekwon	3119
Tristin	3120
Anfernee	3121
Draven	3122
Romello	3123
Stone	3124
Tristian	3125
Easton	3126
Treyvon	3127
Aiden	3128
Rashaan	3129
Rohan	3130
Killian	3131
Phoenix	3132
Greyson	3133
Latrell	3134
Brennon	3135
Seamus	3136
Isai	3137
Branson	3138
Damarcus	3139
Mateo	3140
Keshawn	3141
Keyshawn	3142
Trystan	3143
Braeden	3144
Brayan	3145
Shamar	3146
Keion	3147
Raquan	3148
Jair	3149
Braydon	3150
Shemar	3151
Reilly	3152
Reagan	3153
Jaylan	3154
Nasir	3155
Abdullah	3156
Dominik	3157
Keagan	3158
Kordell	3159
Kobe	3160
Gianni	3161
Jaret	3162
Koby	3163
Nash	3164
Rylan	3165
Jaxon	3166
Giovanny	3167
Ronaldo	3168
Coleton	3169
Amari	3170
Jarett	3171
Keyon	3172
Paxton	3173
Landen	3174
Raven	3175
Jamari	3176
Jovani	3177
Jovanny	3178
Keandre	3179
Kenan	3180
Jajuan	3181
Ryley	3182
Nikhil	3183
Tyrese	3184
Tyrek	3185
Zion	3186
Declan	3187
Savion	3188
Kamron	3189
Jadon	3190
Tyrique	3191
Tahj	3192
Tyriq	3193
Tyreek	3194
Izaiah	3195
Tavian	3196
Jacquez	3197
Alessandro	3198
Kyree	3199
Tyrik	3200
Jordi	3201
Jalon	3202
Mekhi	3203
Jelani	3204
Matteo	3205
Johan	3206
Hamza	3207
Brycen	3208
Jovany	3209
Miguelangel	3210
Jensen	3211
Rahul	3212
Christion	3213
Judah	3214
Konnor	3215
Kylan	3216
Jaiden	3217
Tyreke	3218
Cayden	3219
Jett	3220
Zaire	3221
Jaydon	3222
Korbin	3223
Tyreese	3224
Braedon	3225
Jaxson	3226
Xander	3227
Camren	3228
Semaj	3229
Ean	3230
Gaven	3231
Karson	3232
Trevion	3233
Ayden	3234
Rey	3235
Tavion	3236
Braiden	3237
Kadin	3238
Arman	3239
Aditya	3240
Rowan	3241
Bridger	3242
Kayden	3243
Elian	3244
Luca	3245
Finn	3246
Kaiden	3247
Sincere	3248
Maximus	3249
Xzavier	3250
Blaze	3251
Gaige	3252
London	3253
Keshaun	3254
Sabastian	3255
Kavon	3256
Kian	3257
Brodie	3258
Jaeden	3259
Javion	3260
Jamir	3261
Maxim	3262
Alexzander	3263
Kamren	3264
Zander	3265
Dayne	3266
Isaak	3267
Jaheim	3268
Jagger	3269
Oswaldo	3270
Ronan	3271
Haden	3272
Jadyn	3273
Immanuel	3274
Alijah	3275
Jakobe	3276
Imanol	3277
Jordyn	3278
Zain	3279
Yusuf	3280
Gavyn	3281
Pranav	3282
Yehuda	3283
Daunte	3284
Caiden	3285
Arjun	3286
Jahiem	3287
Zavier	3288
Mustafa	3289
Rylee	3290
Giovani	3291
Jovanni	3292
Omarion	3293
Yahir	3294
Amarion	3295
Gael	3296
Cael	3297
Treyton	3298
Aryan	3299
Jaheem	3300
Malakai	3301
Javen	3302
Lisandro	3303
Santino	3304
Adriel	3305
Ethen	3306
Luc	3307
Maximo	3308
Cason	3309
Gannon	3310
Jaquez	3311
Bradyn	3312
Jase	3313
Zayne	3314
Osbaldo	3315
Maddox	3316
Jamarion	3317
Yair	3318
Aydan	3319
Konner	3320
Damarion	3321
Jahir	3322
Enzo	3323
Cannon	3324
Kamari	3325
Kaeden	3326
Ryker	3327
Soren	3328
Mordechai	3329
Cristofer	3330
Ryland	3331
Zaid	3332
Arnav	3333
Canyon	3334
Kanye	3335
Kyan	3336
Cohen	3337
Braylon	3338
Davian	3339
Jaidyn	3340
Demarion	3341
Landyn	3342
Luka	3343
Braulio	3344
Andon	3345
Aydin	3346
Matias	3347
Jaydin	3348
Deacon	3349
Teagan	3350
Kamden	3351
Malaki	3352
Koda	3353
Rhys	3354
Haiden	3355
Tayshaun	3356
Jayvon	3357
Trenten	3358
Rishi	3359
Kason	3360
Talan	3361
Amare	3362
Makai	3363
Braylen	3364
Kadyn	3365
Leandro	3366
Aedan	3367
Finnegan	3368
Karter	3369
Damari	3370
Messiah	3371
Makhi	3372
Camryn	3373
Gauge	3374
Jax	3375
Adin	3376
Krish	3377
Yandel	3378
Beckett	3379
Kael	3380
Bode	3381
Koen	3382
Zayden	3383
Santana	3384
Landin	3385
Talen	3386
Kasen	3387
Aidyn	3388
Jasiah	3389
Memphis	3390
Kingston	3391
Landan	3392
Case	3393
Coen	3394
Izayah	3395
Anders	3396
Brogan	3397
Madden	3398
Slade	3399
Kellan	3400
Jaydan	3401
Nery	3402
Rayan	3403
Dereon	3404
Yael	3405
Raiden	3406
Nikolai	3407
Yurem	3408
Lyric	3409
Kelan	3410
Tegan	3411
Kamryn	3412
Jayvion	3413
Ronin	3414
Daxton	3415
Aaden	3416
Chace	3417
Marley	3418
Kash	3419
Kymani	3420
Ishaan	3421
Jadiel	3422
Urijah	3423
Eden	3424
Zaiden	3425
Ayaan	3426
Aarav	3427
Tripp	3428
Geovanni	3429
Yadiel	3430
Kyson	3431
Callum	3432
Deegan	3433
Lennon	3434
Abdiel	3435
Carsen	3436
Kolten	3437
Stella	3438
Sallie	3439
Nettie	3440
Etta	3441
Harriet	3442
Sadie	3443
Katie	3444
Lydia	3445
Kate	3446
Mollie	3447
Lulu	3448
Nannie	3449
Lottie	3450
Belle	3451
Charlotte	3452
Amelia	3453
Hannah	3454
Jane	3455
Emily	3456
Matilda	3457
Henrietta	3458
Sara	3459
Estella	3460
Theresa	3461
Josie	3462
Sophia	3463
Anne	3464
Delia	3465
Louisa	3466
Mayme	3467
Estelle	3468
Nina	3469
Bettie	3470
Luella	3471
Inez	3472
Lela	3473
Rosie	3474
Millie	3475
Janie	3476
Cornelia	3477
Victoria	3478
Celia	3479
Christine	3480
Birdie	3481
Harriett	3482
Mable	3483
Myra	3484
Sophie	3485
Tillie	3486
Isabel	3487
Sylvia	3488
Isabelle	3489
Leila	3490
Sally	3491
Ina	3492
Nell	3493
Alberta	3494
Katharine	3495
Rena	3496
Mina	3497
Mathilda	3498
Dollie	3499
Hettie	3500
Fanny	3501
Lenora	3502
Adelaide	3503
Lelia	3504
Nelle	3505
Sue	3506
Johanna	3507
Lilly	3508
Lucinda	3509
Minerva	3510
Lettie	3511
Roxie	3512
Helena	3513
Hilda	3514
Hulda	3515
Genevieve	3516
Cordelia	3517
Jeanette	3518
Adeline	3519
Leah	3520
Lura	3521
Mittie	3522
Isabella	3523
Olga	3524
Phoebe	3525
Teresa	3526
Lida	3527
Lina	3528
Marguerite	3529
Claudia	3530
Cecelia	3531
Bess	3532
Emilie	3533
Rosetta	3534
Myrtie	3535
Cecilia	3536
Olivia	3537
Ophelia	3538
Elnora	3539
Violet	3540
Adele	3541
Lily	3542
Loretta	3543
Madge	3544
Polly	3545
Eugenia	3546
Lucile	3547
Mabelle	3548
Rosalie	3549
Kittie	3550
Meta	3551
Angie	3552
Georgiana	3553
Lila	3554
Regina	3555
Selma	3556
Wilhelmina	3557
Bridget	3558
Lilla	3559
Malinda	3560
Vina	3561
Freda	3562
Gertie	3563
Jeannette	3564
Louella	3565
Mandy	3566
Roberta	3567
Corinne	3568
Lyda	3569
Naomi	3570
Norma	3571
Margie	3572
Nona	3573
Zella	3574
Dovie	3575
Elvira	3576
Erma	3577
Irma	3578
Leota	3579
Blanch	3580
Charity	3581
Lorena	3582
Lucretia	3583
Orpha	3584
Alvina	3585
Annette	3586
Catharine	3587
Elma	3588
Geneva	3589
Leora	3590
Lona	3591
Miriam	3592
Zora	3593
Octavia	3594
Sudie	3595
Zula	3596
Adella	3597
Frieda	3598
Joanna	3599
Leonora	3600
Priscilla	3601
Tennie	3602
Angeline	3603
Docia	3604
Ettie	3605
Flossie	3606
Hanna	3607
Letha	3608
Minta	3609
Retta	3610
Rosella	3611
Adah	3612
Berta	3613
Elisabeth	3614
Elise	3615
Leola	3616
Margret	3617
Adaline	3618
Idella	3619
Juanita	3620
Lenna	3621
Lucie	3622
Missouri	3623
Nola	3624
Zoe	3625
Eda	3626
Isabell	3627
Julie	3628
Letitia	3629
Madeline	3630
Malissa	3631
Mariah	3632
Pattie	3633
Almeda	3634
Aurelia	3635
Dolly	3636
Jannie	3637
Kathrine	3638
Lavinia	3639
Marietta	3640
Melvina	3641
Ona	3642
Pinkie	3643
Susanna	3644
Chloe	3645
Elsa	3646
Matie	3647
Pearle	3648
Vesta	3649
Vinnie	3650
Antoinette	3651
Clementine	3652
Edythe	3653
Harriette	3654
Libbie	3655
Lilian	3656
Lutie	3657
Magdalena	3658
Meda	3659
Rita	3660
Tena	3661
Zelma	3662
Adelia	3663
Annetta	3664
Dona	3665
Elizebeth	3666
Georgianna	3667
Gracie	3668
Iona	3669
Leta	3670
Liza	3671
Mertie	3672
Molly	3673
Neva	3674
Oma	3675
Alida	3676
Cecile	3677
Ernestine	3678
Evie	3679
Helene	3680
Minna	3681
Myrta	3682
Prudence	3683
Queen	3684
Rilla	3685
Savannah	3686
Tessie	3687
Agatha	3688
America	3689
Anita	3690
Arminta	3691
Dorothea	3692
Luvenia	3693
Marjorie	3694
Maybelle	3695
Mellie	3696
Nan	3697
Velma	3698
Constance	3699
Ila	3700
Iola	3701
Louvenia	3702
Lucia	3703
Ludie	3704
Luna	3705
Metta	3706
Phebe	3707
Sophronia	3708
Adda	3709
Avis	3710
Betsy	3711
Cordie	3712
Emmaline	3713
Ethelyn	3714
Hortense	3715
Marcella	3716
Melinda	3717
Mona	3718
Odessa	3719
Veronica	3720
Aimee	3721
Annabel	3722
Ava	3723
Bella	3724
Carolina	3725
Cathrine	3726
Christena	3727
Dena	3728
Eleanore	3729
Elmira	3730
Jenny	3731
Kizzie	3732
Loula	3733
Magdalene	3734
Mettie	3735
Mintie	3736
Peggy	3737
Reba	3738
Serena	3739
Vida	3740
Zada	3741
Abigail	3742
Celestine	3743
Celina	3744
Daisie	3745
Dessa	3746
Easter	3747
Emelia	3748
Emmie	3749
Imogene	3750
India	3751
Jeanne	3752
Lenore	3753
Liddie	3754
Lotta	3755
Mame	3756
Nevada	3757
Rachael	3758
Sina	3759
Willa	3760
Aline	3761
Daisey	3762
Dorcas	3763
Edmonia	3764
Effa	3765
Eldora	3766
Eloise	3767
Emmer	3768
Era	3769
Gena	3770
Iris	3771
Izora	3772
Lissie	3773
Mallie	3774
Malvina	3775
Mathilde	3776
Mazie	3777
Queenie	3778
Rosina	3779
Salome	3780
Theodora	3781
Therese	3782
Vena	3783
Wanda	3784
Wilda	3785
Altha	3786
Anastasia	3787
Besse	3788
Birtie	3789
Clarissa	3790
Delilah	3791
Diana	3792
Emelie	3793
Erna	3794
Florida	3795
Frona	3796
Hilma	3797
Juliet	3798
Leonie	3799
Lugenia	3800
Mammie	3801
Manda	3802
Manerva	3803
Manie	3804
Nella	3805
Paulina	3806
Philomena	3807
Selina	3808
Sena	3809
Theodosia	3810
Una	3811
Adela	3812
Althea	3813
Amalia	3814
Amber	3815
Angelina	3816
Annabelle	3817
Anner	3818
Arie	3819
Clarice	3820
Corda	3821
Corrie	3822
Dellar	3823
Donie	3824
Elda	3825
Elinor	3826
Emeline	3827
Emilia	3828
Etha	3829
Indiana	3830
Ione	3831
Josiephine	3832
Kitty	3833
Lavina	3834
Leda	3835
Letta	3836
Mahala	3837
Marcia	3838
Margarette	3839
Maudie	3840
Maye	3841
Norah	3842
Patty	3843
Paula	3844
Permelia	3845
Rosalia	3846
Roxanna	3847
Sula	3848
Vada	3849
Winnifred	3850
Adline	3851
Almira	3852
Alvena	3853
Arizona	3854
Becky	3855
Bernadette	3856
Cordia	3857
Corine	3858
Dicie	3859
Dove	3860
Drusilla	3861
Elena	3862
Elenora	3863
Elmina	3864
Ethyl	3865
Evalyn	3866
Evelina	3867
Faye	3868
Huldah	3869
Idell	3870
Inga	3871
Irena	3872
Kattie	3873
Lavenia	3874
Lovina	3875
Lulie	3876
Magnolia	3877
Margeret	3878
Margery	3879
Media	3880
Millicent	3881
Nena	3882
Orilla	3883
Pansy	3884
Rosia	3885
Rowena	3886
Tabitha	3887
Verdie	3888
Zetta	3889
Zoa	3890
Zona	3891
Albertina	3892
Albina	3893
Alyce	3894
Amie	3895
Annis	3896
Carra	3897
Clarinda	3898
Delphia	3899
Dillie	3900
Doshie	3901
Drucilla	3902
Etna	3903
Eugenie	3904
Eulalia	3905
Eve	3906
Felicia	3907
Florance	3908
Fronie	3909
Geraldine	3910
Gina	3911
Glenna	3912
Grayce	3913
Hedwig	3914
Jossie	3915
Katheryn	3916
Katy	3917
Leanna	3918
Leitha	3919
Leone	3920
Lidie	3921
Loma	3922
Lular	3923
Magdalen	3924
Maymie	3925
Minervia	3926
Muriel	3927
Neppie	3928
Onie	3929
Osa	3930
Otelia	3931
Paralee	3932
Patience	3933
Rella	3934
Rillie	3935
Rosanna	3936
Tilda	3937
Tishie	3938
Tressa	3939
Viva	3940
Yetta	3941
Zena	3942
Zola	3943
Abby	3944
Aileen	3945
Alda	3946
Alla	3947
Alverta	3948
Ara	3949
Ardelia	3950
Ardella	3951
Arrie	3952
Arvilla	3953
Aurora	3954
Bama	3955
Bena	3956
Calla	3957
Camilla	3958
Carlotta	3959
Celestia	3960
Cherry	3961
Cinda	3962
Classie	3963
Claudine	3964
Clemie	3965
Clyda	3966
Creola	3967
Debbie	3968
Dinah	3969
Doshia	3970
Ednah	3971
Edyth	3972
Eleanora	3973
Electa	3974
Eola	3975
Eudora	3976
Euphemia	3977
Evalena	3978
Evaline	3979
Faith	3980
Fidelia	3981
Golda	3982
Helma	3983
Hermine	3984
Hessie	3985
Ivah	3986
Janette	3987
Jennette	3988
Joella	3989
Kathryne	3990
Lanie	3991
Lauretta	3992
Leana	3993
Leatha	3994
Liller	3995
Lillis	3996
Louetta	3997
Madie	3998
Mai	3999
Martina	4000
Maryann	4001
Melva	4002
Mena	4003
Mercedes	4004
Mima	4005
Minda	4006
Monica	4007
Nealie	4008
Netta	4009
Nolia	4010
Nonie	4011
Odelia	4012
Ottilie	4013
Phyllis	4014
Sabina	4015
Sada	4016
Suzanne	4017
Sybilla	4018
Thea	4019
Tressie	4020
Vallie	4021
Venie	4022
Viney	4023
Wilhelmine	4024
Winona	4025
Zelda	4026
Zilpha	4027
Adelle	4028
Adina	4029
Adrienne	4030
Albertine	4031
Alys	4032
Ana	4033
Araminta	4034
Birtha	4035
Bulah	4036
Caddie	4037
Celie	4038
Charlotta	4039
Concepcion	4040
Cordella	4041
Corrine	4042
Delila	4043
Delphine	4044
Dosha	4045
Elaine	4046
Elisa	4047
Ellar	4048
Elmire	4049
Elvina	4050
Ena	4051
Estie	4052
Etter	4053
Fronnie	4054
Georgina	4055
Gracia	4056
Gwendolyn	4057
Hassie	4058
Honora	4059
Icy	4060
Isa	4061
Isadora	4062
Johannah	4063
Juana	4064
Junie	4065
Lavonia	4066
Lella	4067
Lemma	4068
Letty	4069
Linna	4070
Littie	4071
Lollie	4072
Lorene	4073
Lovisa	4074
Lucina	4075
Madora	4076
Mahalia	4077
Manervia	4078
Manuela	4079
Margarett	4080
Margaretta	4081
Margarita	4082
Marilla	4083
Mignon	4084
Mozella	4085
Natalie	4086
Nelia	4087
Nolie	4088
Omie	4089
Ottilia	4090
Parthenia	4091
Penelope	4092
Pinkey	4093
Pollie	4094
Rennie	4095
Reta	4096
Roena	4097
Rosalee	4098
Roseanna	4099
Ruthie	4100
Sabra	4101
Sannie	4102
Selena	4103
Sibyl	4104
Tella	4105
Tempie	4106
Tennessee	4107
Teressa	4108
Texas	4109
Theda	4110
Thursa	4111
Ula	4112
Vannie	4113
Verona	4114
Vertie	4115
Wilma	4116
Adell	4117
Aggie	4118
Alcie	4119
Alfreda	4120
Alicia	4121
Allene	4122
Almyra	4123
Anastacia	4124
Aria	4125
Arminda	4126
Aura	4127
Avie	4128
Berdie	4129
Buena	4130
Calista	4131
Cammie	4132
Cara	4133
Celesta	4134
Celeste	4135
Chaney	4136
Chanie	4137
Charlottie	4138
Chrissie	4139
Christene	4140
Christiana	4141
Cleora	4142
Clora	4143
Coralie	4144
Dayse	4145
Delfina	4146
Deliah	4147
Delina	4148
Delle	4149
Dicy	4150
Donia	4151
Dulcie	4152
Edwina	4153
Ela	4154
Eleonora	4155
Elta	4156
Elzada	4157
Emaline	4158
Eulah	4159
Eulalie	4160
Euna	4161
Zadie	4162
Eveline	4163
Lelah	4164
Nanie	4165
Petra	4166
Glennie	4167
Juliette	4168
Mercy	4169
Miranda	4170
Nana	4171
Zilpah	4172
Almedia	4173
Byrdie	4174
Claribel	4175
Coral	4176
Exie	4177
Malissie	4178
Myrtice	4179
Narcissus	4180
Rosamond	4181
Theresia	4182
Valeria	4183
Vessie	4184
Victorine	4185
Arabella	4186
Dottie	4187
Flo	4188
Fredericka	4189
Gusta	4190
Icie	4191
Lillia	4192
Lota	4193
Nathalie	4194
Nita	4195
Ota	4196
Ramona	4197
Texie	4198
Zillah	4199
Aida	4200
Arra	4201
Belva	4202
Biddie	4203
Bula	4204
Carry	4205
Crete	4206
Dossie	4207
Evangeline	4208
Flavia	4209
Fleta	4210
Fronia	4211
Gillie	4212
Jinnie	4213
Katharina	4214
Mirtie	4215
Mora	4216
Ninnie	4217
Rettie	4218
Rozella	4219
Sofia	4220
Sybil	4221
Sylvania	4222
Tilla	4223
Ursula	4224
Veda	4225
Zaida	4226
Zenobia	4227
Aletha	4228
Ason	4229
Bina	4230
Chloie	4231
Christie	4232
Corean	4233
Corinna	4234
Elodie	4235
Epsie	4236
Exa	4237
Georgine	4238
Gretta	4239
Henriette	4240
Jemima	4241
Jo	4242
Josefa	4243
Juliana	4244
Katharyn	4245
Lavada	4246
Leonore	4247
Levina	4248
Libby	4249
Lilie	4250
Louanna	4251
Mabell	4252
Madeleine	4253
Marinda	4254
Mila	4255
Neta	4256
Orlena	4257
Ozella	4258
Ressie	4259
Rosena	4260
Rosey	4261
Senora	4262
Siddie	4263
Susana	4264
Susanne	4265
Texanna	4266
Tiney	4267
Tinie	4268
Tiny	4269
Achsah	4270
Agness	4271
Ala	4272
Alabama	4273
Alexina	4274
Altie	4275
Ama	4276
Amalie	4277
Amelie	4278
Amey	4279
Amma	4280
Ammie	4281
Anie	4282
Annabell	4283
Arta	4284
Attie	4285
Audra	4286
Azzie	4287
Cathryn	4288
Cena	4289
Chestina	4290
Crissie	4291
Cyntha	4292
Daisye	4293
Dellia	4294
Delta	4295
Dema	4296
Dezzie	4297
Dola	4298
Dollye	4299
Eithel	4300
Elba	4301
Elfrieda	4302
Elna	4303
Emogene	4304
Enola	4305
Verda	4306
Gretchen	4307
Hermina	4308
Nelly	4309
Eller	4310
Hetty	4311
Luetta	4312
Pennie	4313
Rosemary	4314
Beckie	4315
Buna	4316
Caldonia	4317
Candace	4318
Edla	4319
Florrie	4320
Luisa	4321
Myrtis	4322
Trudie	4323
Agusta	4324
Alphonsine	4325
Dellie	4326
Delpha	4327
Kathyrn	4328
Loretto	4329
Lucindy	4330
Maybell	4331
Odile	4332
Orah	4333
Prudie	4334
Rhea	4335
Rinda	4336
Rosy	4337
Roxy	4338
Sarrah	4339
Susannah	4340
Tula	4341
Alwina	4342
Arah	4343
Bernadine	4344
Capitola	4345
Cathern	4346
Columbia	4347
Eileen	4348
Elizbeth	4349
Eura	4350
Hennie	4351
Henretta	4352
Ivie	4353
Jeanie	4354
Justina	4355
Leaner	4356
Leonia	4357
Lorraine	4358
Lucetta	4359
Macie	4360
Mahalie	4361
Marry	4362
Novella	4363
Olevia	4364
Phillis	4365
Philomene	4366
Salina	4367
Sinda	4368
Tinnie	4369
Vashti	4370
Vella	4371
Veva	4372
Vicy	4373
Zita	4374
Affie	4375
Albertha	4376
Anabel	4377
Artelia	4378
Barbra	4379
Beaulah	4380
Bertina	4381
Birdella	4382
Blossom	4383
Carmela	4384
Carolyne	4385
Cilla	4386
Denise	4387
Dorthea	4388
Eleonore	4389
Fairy	4390
Fannye	4391
Franc	4392
Francina	4393
Francisca	4394
Genevra	4395
Helga	4396
Iza	4397
Jeanetta	4398
Jeannie	4399
Jerusha	4400
Lisette	4401
Loda	4402
Luda	4403
Lynda	4404
Marget	4405
Mariam	4406
Modena	4407
Nanna	4408
Nelie	4409
Olena	4410
Lelar	4411
Matilde	4412
Simona	4413
Thora	4414
Angelita	4415
Berenice	4416
Dagmar	4417
Dina	4418
Ema	4419
Florine	4420
Loraine	4421
Maida	4422
Missie	4423
Arline	4424
Beatrix	4425
Dorathea	4426
Elenor	4427
Gertha	4428
Lesta	4429
Rebekah	4430
Almina	4431
Arlena	4432
Dot	4433
Elfie	4434
Ermine	4435
Francisqui	4436
Georgeanna	4437
Glendora	4438
Leontine	4439
Leva	4440
Litha	4441
Luberta	4442
Marianna	4443
Parlee	4444
Pearla	4445
Sister	4446
Thresa	4447
Alene	4448
Alverda	4449
Antonette	4450
Argie	4451
Arkie	4452
Arletta	4453
Bea	4454
Bettye	4455
Cappie	4456
Caro	4457
Cloe	4458
Corene	4459
Deetta	4460
Elberta	4461
Ether	4462
Felicie	4463
Frederica	4464
Hellen	4465
Icey	4466
Ines	4467
Junia	4468
Laney	4469
Lassie	4470
Lockie	4471
Lossie	4472
Lovey	4473
Marianita	4474
Mattye	4475
Rubie	4476
Milly	4477
Pluma	4478
Ruie	4479
Vira	4480
Cleva	4481
Gennie	4482
Sadye	4483
Vennie	4484
Zettie	4485
Clevie	4486
Ferne	4487
Maebelle	4488
Maxine	4489
Pearly	4490
Savanah	4491
Savilla	4492
Valerie	4493
Violetta	4494
Adelina	4495
Alzina	4496
Annice	4497
Beda	4498
Clarabelle	4499
Fleda	4500
Goldia	4501
Laila	4502
Leala	4503
Lilah	4504
Lyla	4505
Naoma	4506
Nealy	4507
Olivine	4508
Rutha	4509
Sussie	4510
Theodocia	4511
Vassie	4512
Zina	4513
Aurore	4514
Beth	4515
Channie	4516
Freida	4517
Georganna	4518
Izetta	4519
Kathern	4520
Lady	4521
Lala	4522
Lilia	4523
Lurana	4524
Mozelle	4525
Norine	4526
Oney	4527
Clotilde	4528
Nova	4529
Myrna	4530
Medora	4531
Hildur	4532
Imo	4533
Ragna	4534
Vinie	4535
Emmy	4536
Hildegarde	4537
Octa	4538
Aurilla	4539
Beula	4540
Lera	4541
Macy	4542
Margrett	4543
Melina	4544
Pheobe	4545
Alvira	4546
Clella	4547
Cornie	4548
Dorotha	4549
Dorthy	4550
Dosia	4551
Enid	4552
Essa	4553
Evelena	4554
Genoveva	4555
Greta	4556
Ica	4557
Ilma	4558
Lalla	4559
Lana	4560
Leonor	4561
Lolla	4562
Lorna	4563
Vergie	4564
Mossie	4565
Manuelita	4566
Oline	4567
Ima	4568
Janey	4569
Villa	4570
Clytie	4571
Ermina	4572
Hertha	4573
Margaretha	4574
Melanie	4575
Metha	4576
Pricilla	4577
Sigrid	4578
Thekla	4579
Berniece	4580
Betha	4581
Florie	4582
Hilah	4583
Isla	4584
Judie	4585
Lethia	4586
Louisiana	4587
Rubye	4588
Silvia	4589
Zelpha	4590
Alwilda	4591
Angele	4592
Verlie	4593
Zelia	4594
Gunda	4595
Octavie	4596
Orelia	4597
Retha	4598
Signe	4599
Anice	4600
Carlota	4601
Lurline	4602
Luz	4603
Opha	4604
Ura	4605
Vicie	4606
Alwine	4607
Carmelita	4608
Clemma	4609
Elia	4610
Eloisa	4611
Eppie	4612
Gustie	4613
Hazle	4614
Lu	4615
Ebba	4616
Margarete	4617
Myrle	4618
Nadine	4619
Pallie	4620
Betsey	4621
Cleta	4622
Filomena	4623
Orra	4624
Arlene	4625
Margretta	4626
Pairlee	4627
Zana	4628
Francies	4629
Marjory	4630
Roxana	4631
Cressie	4632
Erla	4633
Herma	4634
Oliva	4635
Rosalind	4636
Chessie	4637
Daphne	4638
Lulah	4639
Marvel	4640
Monnie	4641
Noemie	4642
Gregoria	4643
Josefina	4644
Fleeta	4645
Madaline	4646
Hildred	4647
Sibbie	4648
Verena	4649
Bernardine	4650
Gerda	4651
Hazelle	4652
Nobie	4653
Reva	4654
Vonnie	4655
Ethie	4656
Jessye	4657
Jetta	4658
Signa	4659
Delcie	4660
Hildegard	4661
Treva	4662
Violette	4663
Sylva	4664
Twila	4665
Concetta	4666
Idabelle	4667
Lulla	4668
Mira	4669
Nila	4670
Olar	4671
Velva	4672
Yvonne	4673
Evia	4674
Willia	4675
Dortha	4676
Else	4677
Freeda	4678
Versa	4679
Ilah	4680
Maurine	4681
Vernice	4682
Elmyra	4683
Madelyn	4684
Cannie	4685
Carmella	4686
Cliffie	4687
Ever	4688
Leafy	4689
Olinda	4690
Virdie	4691
Allena	4692
Clotilda	4693
Elida	4694
Elvera	4695
Fae	4696
Josefita	4697
Lurena	4698
Versie	4699
Vivien	4700
Melba	4701
Alline	4702
Elfreda	4703
Verla	4704
Ouida	4705
Flonnie	4706
Palma	4707
Consuelo	4708
Lorine	4709
Venus	4710
Hasel	4711
Noma	4712
Virgia	4713
Alleen	4714
Mavis	4715
Nelda	4716
Trilby	4717
Adel	4718
Buelah	4719
Milda	4720
Velda	4721
Bernetta	4722
Neoma	4723
Gaynell	4724
Laurette	4725
Coletta	4726
Zela	4727
Zeta	4728
Manila	4729
Manilla	4730
Cuba	4731
Earline	4732
Vlasta	4733
Jacqueline	4734
Onnie	4735
Vara	4736
Alena	4737
Ilo	4738
Imelda	4739
Ardis	4740
Delores	4741
Irva	4742
Gwen	4743
Tomasa	4744
Veta	4745
Berneice	4746
Lempi	4747
Eathel	4748
Marybelle	4749
Chrystal	4750
Elvia	4751
Ilene	4752
Margarite	4753
Marianne	4754
Odette	4755
Antonina	4756
Delsie	4757
Portia	4758
Reatha	4759
Aleen	4760
Almeta	4761
Lilyan	4762
Jaunita	4763
Luvinia	4764
Alvera	4765
Allean	4766
Dagny	4767
Leoma	4768
Oleta	4769
Trula	4770
Ethyle	4771
Ingeborg	4772
Jeane	4773
Laurine	4774
Lorean	4775
Marge	4776
Margueritta	4777
Mozell	4778
Norene	4779
Oneta	4780
Lolita	4781
Elouise	4782
Cathleen	4783
Bette	4784
Earnestine	4785
Florene	4786
Laverna	4787
Rafaela	4788
Thyra	4789
Loyce	4790
Cleda	4791
Pearline	4792
Ceola	4793
Lavera	4794
Marcelle	4795
Romaine	4796
Rosalyn	4797
Augustina	4798
Bonita	4799
Dominga	4800
Girtha	4801
Isobel	4802
Anona	4803
Syble	4804
Edris	4805
Santa	4806
Theola	4807
Veola	4808
Ceil	4809
Madlyn	4810
Vernia	4811
Ellamae	4812
Irine	4813
Linnea	4814
Madalyn	4815
Roslyn	4816
Edrie	4817
Vincenza	4818
Yolanda	4819
Edra	4820
Orma	4821
Ilda	4822
Ardath	4823
Renee	4824
Astrid	4825
Beadie	4826
Doretha	4827
Neola	4828
Vela	4829
Wava	4830
Evelyne	4831
Dimple	4832
Annamae	4833
Elease	4834
Williemae	4835
Rosaline	4836
Charline	4837
Charlene	4838
Joanne	4839
Theta	4840
Deloris	4841
Maureen	4842
Rosabelle	4843
Gilda	4844
Herminia	4845
Afton	4846
Margurite	4847
Clydie	4848
Izola	4849
Rosemarie	4850
Arnetta	4851
Gladyce	4852
Floretta	4853
Merna	4854
Nedra	4855
Clementina	4856
Launa	4857
Sonia	4858
Aili	4859
Gladis	4860
Alease	4861
Madonna	4862
Azalee	4863
Colleen	4864
Darlene	4865
Macel	4866
Cleola	4867
Loree	4868
Stephania	4869
Joann	4870
Antonetta	4871
Arietta	4872
Vivienne	4873
Elinore	4874
Benita	4875
Glenda	4876
Earlene	4877
Arleen	4878
Blanchie	4879
Vilma	4880
Erline	4881
Felice	4882
Georgette	4883
Yvette	4884
Assunta	4885
Helyn	4886
Lavonne	4887
Audry	4888
Dorathy	4889
Stasia	4890
Vita	4891
Jayne	4892
Maebell	4893
Mafalda	4894
Olympia	4895
Masako	4896
Stacia	4897
Domenica	4898
Ingrid	4899
Wynona	4900
Bernita	4901
Carole	4902
Elenore	4903
Waneta	4904
Esperanza	4905
Madelene	4906
Roselyn	4907
Kathlyn	4908
Ardith	4909
Venita	4910
Santina	4911
Maryjane	4912
Orene	4913
Noreen	4914
Antionette	4915
Margot	4916
Dawn	4917
Lahoma	4918
Alexandra	4919
Maryellen	4920
Ruthe	4921
Cleone	4922
Kathaleen	4923
Aldona	4924
Janis	4925
Christeen	4926
Dorine	4927
Caryl	4928
Francine	4929
Rosaria	4930
Erlene	4931
Georgetta	4932
Olene	4933
Sheila	4934
Georgene	4935
Yoshiko	4936
Delora	4937
Lavelle	4938
Idamae	4939
Michelina	4940
Catalina	4941
Liberty	4942
Victory	4943
Beverley	4944
Laurene	4945
Marilynn	4946
Jeraldine	4947
Marylou	4948
Jacquelyn	4949
Oneida	4950
Concha	4951
Marina	4952
Doreen	4953
Haruko	4954
Felipa	4955
Socorro	4956
Elois	4957
Toshiko	4958
Carlene	4959
Fumiko	4960
Soledad	4961
Gearldine	4962
Shirlee	4963
Merry	4964
Clarine	4965
Lorayne	4966
Marlene	4967
Kiyoko	4968
Elwanda	4969
Elayne	4970
Darline	4971
Arlyne	4972
Marlys	4973
Mardell	4974
Willene	4975
Inell	4976
Venice	4977
Ofelia	4978
Peggie	4979
Beatriz	4980
Rochelle	4981
Leatrice	4982
Billye	4983
Darleen	4984
Hortencia	4985
Ethelene	4986
Marylouise	4987
Eris	4988
Bettyjane	4989
Penny	4990
Dorene	4991
Toni	4992
Lynette	4993
Vonda	4994
Amparo	4995
Bebe	4996
Phylis	4997
Bettylou	4998
Wanita	4999
Marceline	5000
Vernelle	5001
Ernestina	5002
Doloris	5003
Delois	5004
Nanette	5005
Ardelle	5006
Natalia	5007
Estela	5008
Sherry	5009
Twyla	5010
Jacquelin	5011
Enriqueta	5012
Bobbye	5013
Patti	5014
Lorrayne	5015
Janell	5016
Ladonna	5017
Nada	5018
Carla	5019
Evangelina	5020
Willodean	5021
Charleen	5022
Coleen	5023
Illa	5024
Shirlie	5025
Ailene	5026
Erlinda	5027
Lita	5028
Marilou	5029
Lawanda	5030
Charmaine	5031
Cherie	5032
Sonya	5033
Raquel	5034
Hortensia	5035
Valencia	5036
Jocelyn	5037
Kazuko	5038
Joye	5039
Lidia	5040
Roseann	5041
Earlean	5042
Jeannine	5043
Romona	5044
Jeanine	5045
Joline	5046
Felicitas	5047
Carma	5048
Marva	5049
Colette	5050
Sondra	5051
Marilee	5052
Jolene	5053
Jovita	5054
Dorla	5055
Dianne	5056
Margy	5057
Velia	5058
Margene	5059
Beverlee	5060
Maryanne	5061
Joycelyn	5062
Merlene	5063
Oralia	5064
Sydell	5065
Jill	5066
Ardeth	5067
Armida	5068
Marylin	5069
Sonja	5070
Laquita	5071
Julianne	5072
Nannette	5073
Margo	5074
Claudette	5075
Arla	5076
Charlsie	5077
Marylyn	5078
Mitzi	5079
Patrica	5080
Eartha	5081
Herlinda	5082
Trudy	5083
Verdell	5084
Joretta	5085
Marsha	5086
Verlene	5087
Lynne	5088
Mariann	5089
Joetta	5090
Rosanne	5091
Belia	5092
Janelle	5093
Merilyn	5094
Ardyce	5095
Rosita	5096
Celine	5097
Carleen	5098
Carolee	5099
Dian	5100
Dorthey	5101
Kathy	5102
Marita	5103
Thomasina	5104
Marta	5105
Thalia	5106
Nira	5107
Sharlene	5108
Rheta	5109
Jerrie	5110
Ginger	5111
Jacklyn	5112
Elissa	5113
Paulette	5114
Monna	5115
Joellen	5116
Lavona	5117
Bonny	5118
Luanne	5119
Saundra	5120
Luann	5121
Pearlene	5122
Nancie	5123
Shirlene	5124
Marcelina	5125
Vicki	5126
Karol	5127
Louann	5128
Alison	5129
Marylee	5130
Sharron	5131
Cathy	5132
Darla	5133
Norita	5134
Gaye	5135
Jeri	5136
Loris	5137
Shirleyann	5138
Carolynn	5139
Marla	5140
Evonne	5141
Darlyne	5142
Vernetta	5143
Rhonda	5144
Shelba	5145
Shelva	5146
Deanna	5147
Karla	5148
Tanya	5149
Annmarie	5150
Wendy	5151
Ruthann	5152
Sherrie	5153
Carolann	5154
Evon	5155
Sheryl	5156
Jacquline	5157
Karlene	5158
Glennis	5159
Karin	5160
Marleen	5161
Roxanne	5162
Harlene	5163
Annamarie	5164
Jacque	5165
Maralyn	5166
Shari	5167
Larae	5168
Gayla	5169
Deanne	5170
Dianna	5171
Simone	5172
Leilani	5173
Vickie	5174
Diann	5175
Karolyn	5176
Deann	5177
Noretta	5178
Shelvia	5179
Shelvie	5180
Shelia	5181
Janyce	5182
Jonell	5183
Marolyn	5184
Mimi	5185
Noreta	5186
Roseanne	5187
Lorelei	5188
Vicky	5189
Helaine	5190
Maryjo	5191
Deana	5192
Janine	5193
Ronda	5194
Leanne	5195
Cindy	5196
Judi	5197
Karel	5198
Karon	5199
Glynda	5200
Tamara	5201
Suzann	5202
Fran	5203
Nanci	5204
April	5205
Hedy	5206
Mari	5207
Jannette	5208
Jerri	5209
Heidi	5210
Dotty	5211
Suellen	5212
Lonna	5213
Kathie	5214
Ilona	5215
Laraine	5216
Susann	5217
Rona	5218
Sharen	5219
Lynnette	5220
Scarlett	5221
Belinda	5222
Pam	5223
Ruthanne	5224
Juliann	5225
Sherron	5226
Donita	5227
Georgiann	5228
Jerilyn	5229
Sharyn	5230
Sherri	5231
Suzan	5232
Nyla	5233
Trina	5234
Judyth	5235
Nikki	5236
Sheri	5237
Jana	5238
Adrianne	5239
Georgeann	5240
Terri	5241
Caren	5242
Kristine	5243
Geri	5244
Jerilynn	5245
Karan	5246
Rosann	5247
Cheri	5248
Leann	5249
Phyliss	5250
Merrily	5251
Melody	5252
Kaaren	5253
Cassandra	5254
Aloma	5255
Cathie	5256
Sandi	5257
Ronna	5258
Karren	5259
Jerrilyn	5260
Sheron	5261
Pauletta	5262
Merrilee	5263
Terrie	5264
Tonya	5265
Sunny	5266
Karyn	5267
Ginny	5268
Charla	5269
Tana	5270
Charolette	5271
Marcy	5272
Cheryle	5273
Kathi	5274
Karyl	5275
Candy	5276
Sherryl	5277
Luana	5278
Rozanne	5279
Carlyn	5280
Jacquelynn	5281
Caron	5282
Suzette	5283
Dorinda	5284
Teri	5285
Alana	5286
Danna	5287
Maribeth	5288
Pamala	5289
Rosalinda	5290
Elyse	5291
Pamella	5292
Bobbi	5293
Corliss	5294
Cheryll	5295
Graciela	5296
Sherilyn	5297
Deirdre	5298
Gerri	5299
Glinda	5300
Mickie	5301
Marybeth	5302
Cherrie	5303
Laureen	5304
Patrice	5305
Aleta	5306
Candice	5307
Kristina	5308
Vickey	5309
Nicki	5310
Deena	5311
Janeen	5312
Meryl	5313
Bettina	5314
Robyn	5315
Sharyl	5316
Erica	5317
Lani	5318
Leslee	5319
Deidre	5320
Katrina	5321
Kristi	5322
Cherryl	5323
Dayle	5324
Randi	5325
Lori	5326
Jacalyn	5327
Starr	5328
Kendra	5329
Suzanna	5330
Debby	5331
Valarie	5332
Melodie	5333
Annemarie	5334
Michaele	5335
Janna	5336
Trudi	5337
Sandie	5338
Daria	5339
Vikki	5340
Rachelle	5341
Tonia	5342
Marcie	5343
Candis	5344
Shiela	5345
Regenia	5346
Debora	5347
Maura	5348
Caryn	5349
Kristie	5350
Lizabeth	5351
Regena	5352
Denice	5353
Drema	5354
Shirleen	5355
Cathey	5356
Cristina	5357
Lyndia	5358
Blanca	5359
Fonda	5360
Renae	5361
Kathlene	5362
Loreen	5363
Shauna	5364
Sharman	5365
Valorie	5366
Sanjuanita	5367
Bethany	5368
Christa	5369
Sanjuana	5370
Candyce	5371
Lorrie	5372
Tara	5373
Pamelia	5374
Kristy	5375
Collette	5376
Roxann	5377
Debrah	5378
Mindy	5379
Krista	5380
Leticia	5381
Terese	5382
Mara	5383
Nicolette	5384
Vanessa	5385
Merrie	5386
Debbra	5387
Jenifer	5388
Lourdes	5389
Geralyn	5390
Jaclyn	5391
Sharleen	5392
Lorie	5393
Allyson	5394
Angelia	5395
Jann	5396
Joleen	5397
Christi	5398
Esmeralda	5399
Teena	5400
Gwenda	5401
Rhona	5402
Brinda	5403
Pandora	5404
Jodi	5405
Kimberley	5406
Megan	5407
Lauri	5408
Paige	5409
Deborrah	5410
Joette	5411
Lise	5412
Jacqulyn	5413
Milagros	5414
Marlena	5415
Roxane	5416
Ellyn	5417
Debera	5418
Joni	5419
Cindi	5420
Tricia	5421
Brooke	5422
Doretta	5423
Lorri	5424
Danette	5425
Marci	5426
Alisa	5427
Kari	5428
Lesa	5429
Francesca	5430
Lanette	5431
Sharla	5432
Kimberlee	5433
Zandra	5434
Sheree	5435
Sabrina	5436
Valinda	5437
Sherie	5438
Joanie	5439
Starla	5440
Merri	5441
Kerri	5442
Leeann	5443
Vernita	5444
Cherri	5445
Bambi	5446
Renita	5447
Janel	5448
Desiree	5449
Denese	5450
Roni	5451
Sheilah	5452
Athena	5453
Jeryl	5454
Danita	5455
Gisele	5456
Sherree	5457
Debi	5458
Kandy	5459
Felecia	5460
Migdalia	5461
Dayna	5462
Debbi	5463
Debroah	5464
Jaye	5465
Monique	5466
Tami	5467
Taryn	5468
Lorinda	5469
Moira	5470
Melodee	5471
Sheryll	5472
Trena	5473
Noemi	5474
Leesa	5475
Marisa	5476
Dawna	5477
Tracie	5478
Dani	5479
Sheena	5480
Dara	5481
Kelli	5482
Shawna	5483
Barb	5484
Kathey	5485
Kellie	5486
Wendi	5487
Gaylene	5488
Liz	5489
Jeanna	5490
Kara	5491
Leisa	5492
Chandra	5493
Dori	5494
Jami	5495
Meg	5496
Maritza	5497
Stacie	5498
Glynis	5499
Juli	5500
Babette	5501
Tammie	5502
Tamera	5503
Tamra	5504
Traci	5505
Tammi	5506
Deb	5507
Tamela	5508
Cyndi	5509
Gabrielle	5510
Cathi	5511
Erika	5512
Candi	5513
Jacki	5514
Nilda	5515
Keri	5516
Sarita	5517
Tia	5518
Bridgette	5519
Tamie	5520
Brigitte	5521
Suzy	5522
Kirsten	5523
Tambra	5524
Missy	5525
Gigi	5526
Perri	5527
Karrie	5528
Lissa	5529
Lanita	5530
Suzie	5531
Bev	5532
Alyson	5533
Tresa	5534
Kandi	5535
Bridgett	5536
Cari	5537
Tori	5538
Alesia	5539
Ivette	5540
Kerrie	5541
Renea	5542
Angelica	5543
Liane	5544
Shelli	5545
Lesia	5546
Penni	5547
Tonja	5548
Keely	5549
Melisa	5550
Tari	5551
Deedee	5552
Kayla	5553
Lisha	5554
Misty	5555
Deidra	5556
Leisha	5557
Elana	5558
Adriana	5559
Loriann	5560
Tania	5561
Dedra	5562
Evette	5563
Latanya	5564
Fawn	5565
Risa	5566
Krystal	5567
Deeann	5568
Johnna	5569
Velvet	5570
Corina	5571
Jeana	5572
Angelique	5573
Marnita	5574
Jonna	5575
Machelle	5576
Maribel	5577
Barbie	5578
Loria	5579
Gwyn	5580
Shanna	5581
Monika	5582
Trisha	5583
Alecia	5584
Janene	5585
Latonya	5586
Staci	5587
Stefanie	5588
Melonie	5589
Marisol	5590
Aretha	5591
Marti	5592
Darci	5593
Adriene	5594
Dawne	5595
Charisse	5596
Shirl	5597
Lesli	5598
Jena	5599
Brigette	5600
Tamala	5601
Shana	5602
Delisa	5603
Maricela	5604
Alyssa	5605
Michell	5606
Tonda	5607
Richelle	5608
Jeanmarie	5609
Marissa	5610
Melony	5611
Deneen	5612
Mia	5613
Kecia	5614
Djuna	5615
Djuana	5616
Noelle	5617
Renata	5618
Tessa	5619
Anjanette	5620
Denine	5621
Daneen	5622
Holli	5623
Kimberli	5624
Linette	5625
Christal	5626
Alisha	5627
Elaina	5628
Karri	5629
Delinda	5630
Tyra	5631
Tawana	5632
Marnie	5633
Dionne	5634
Kimberlie	5635
Gabriela	5636
Casandra	5637
Marni	5638
Tangela	5639
Kimberely	5640
Shanda	5641
Demetria	5642
Lavonda	5643
Natasha	5644
Mechelle	5645
Shonda	5646
Yolonda	5647
Brigid	5648
Julianna	5649
Carin	5650
Keli	5651
Gia	5652
Latricia	5653
Lizette	5654
Cristine	5655
Bethann	5656
Tabatha	5657
Joelle	5658
Lara	5659
Sonji	5660
Tamatha	5661
Tasha	5662
Tatia	5663
Gidget	5664
Latonia	5665
Brandi	5666
Nichole	5667
Alissa	5668
Demetra	5669
Joell	5670
Inger	5671
Caprice	5672
Denita	5673
Mellissa	5674
Lia	5675
Catrina	5676
Milissa	5677
Sunday	5678
Meghan	5679
Andria	5680
Nichelle	5681
Cami	5682
Anissa	5683
Josette	5684
Lissette	5685
Adriane	5686
Windy	5687
Kami	5688
Buffy	5689
Karie	5690
Keisha	5691
Wende	5692
Tawnya	5693
Danelle	5694
Misti	5695
Tisha	5696
Larissa	5697
Darcie	5698
Mayra	5699
Sebrina	5700
Ericka	5701
Towanda	5702
Michaela	5703
Cristy	5704
Cherise	5705
Tanja	5706
Carie	5707
Carri	5708
Tiffani	5709
Coretta	5710
Tamiko	5711
Tamika	5712
Chantel	5713
Shannan	5714
Kristal	5715
Davina	5716
Kirstin	5717
Latrice	5718
Jolie	5719
Cristi	5720
Cori	5721
Araceli	5722
Stephenie	5723
Melissia	5724
Chantal	5725
Corrina	5726
Gillian	5727
Rolanda	5728
Nicola	5729
Kellee	5730
Shani	5731
Chanda	5732
Cinnamon	5733
Chelsea	5734
Ami	5735
Racquel	5736
Nicolle	5737
Autumn	5738
Kisha	5739
Latasha	5740
Shonna	5741
Christin	5742
Latisha	5743
Dione	5744
Jada	5745
Kyra	5746
Mindi	5747
Shona	5748
Mellisa	5749
Christen	5750
Alexandria	5751
Sharonda	5752
Julissa	5753
Karina	5754
Kira	5755
Tawanda	5756
Marisela	5757
Terra	5758
Lashonda	5759
Tera	5760
Toya	5761
Carissa	5762
Stefani	5763
Kesha	5764
Tisa	5765
Maya	5766
Angella	5767
Tiffanie	5768
Trista	5769
Raina	5770
Crista	5771
Kristan	5772
Tawanna	5773
Niki	5774
Serina	5775
Shawnda	5776
Tosha	5777
Christel	5778
Tracee	5779
Dyan	5780
Tanisha	5781
Chantelle	5782
Stephany	5783
Treena	5784
Yesenia	5785
Candida	5786
Tarsha	5787
Tameka	5788
Ayanna	5789
Jenni	5790
Brandie	5791
Shantel	5792
Ebony	5793
Shayla	5794
Kia	5795
Alysia	5796
Summer	5797
Jenna	5798
Latoya	5799
Cristal	5800
Shanta	5801
Shalonda	5802
Angelic	5803
Brenna	5804
Alycia	5805
Damaris	5806
Consuela	5807
Lashanda	5808
Adria	5809
Lasonya	5810
Shara	5811
Katina	5812
Catina	5813
Cher	5814
Lakisha	5815
Chastity	5816
Nikole	5817
Contina	5818
Chiquita	5819
Chasity	5820
Nichol	5821
Brandee	5822
Camisha	5823
Lakesha	5824
Anika	5825
Cherilyn	5826
Alejandra	5827
Lakeisha	5828
Latosha	5829
Keena	5830
Sasha	5831
Nikita	5832
Cristin	5833
Rocio	5834
Tomika	5835
Tomeka	5836
Racheal	5837
Griselda	5838
Keesha	5839
Liliana	5840
Stephaine	5841
Bree	5842
Latrina	5843
Felisha	5844
Layla	5845
Celena	5846
Jenniffer	5847
Rebeca	5848
Sherita	5849
Kori	5850
Alethea	5851
Carly	5852
Aisha	5853
Cicely	5854
Anitra	5855
Bianca	5856
Vonetta	5857
Latarsha	5858
Nyree	5859
Alexa	5860
Fatima	5861
Keshia	5862
Daniela	5863
Danyelle	5864
Mendy	5865
Charissa	5866
Shantell	5867
Marquita	5868
Briana	5869
Chanel	5870
Danyell	5871
Sunshine	5872
Nia	5873
Nikia	5874
Jamila	5875
Tanika	5876
Brande	5877
Meagan	5878
Jasmin	5879
Maranda	5880
Lakeshia	5881
Kyla	5882
Syreeta	5883
Luciana	5884
Tobi	5885
Alanna	5886
Mistie	5887
Tamica	5888
Carisa	5889
Cherish	5890
Cecily	5891
Haley	5892
Mandi	5893
Daniele	5894
Tamisha	5895
Tanesha	5896
Danyel	5897
Gabriella	5898
Tiana	5899
Mandie	5900
Harmony	5901
Shameka	5902
Spring	5903
Destiny	5904
Nakisha	5905
Tamekia	5906
Ayana	5907
Rashida	5908
Yadira	5909
Alesha	5910
Kacey	5911
Shawanda	5912
Shamika	5913
Takisha	5914
Pepper	5915
Kandice	5916
Alina	5917
Meggan	5918
Farrah	5919
Tennille	5920
Nadia	5921
Rhiannon	5922
Jillian	5923
January	5924
Khalilah	5925
Janae	5926
Jaimee	5927
Farah	5928
Chana	5929
Sommer	5930
Shayna	5931
Shasta	5932
Torrie	5933
Ashlee	5934
Carina	5935
Chaka	5936
Trish	5937
Rayna	5938
Brianna	5939
Eboni	5940
Kenisha	5941
Caitlin	5942
Latoria	5943
Torie	5944
Venessa	5945
Shanika	5946
Shandra	5947
Kizzy	5948
Qiana	5949
Talia	5950
Hayley	5951
Shawnte	5952
Shante	5953
Salena	5954
Liana	5955
Quiana	5956
Kamilah	5957
Shalon	5958
Latesha	5959
Iesha	5960
Brittney	5961
Danica	5962
Jenelle	5963
Yasmin	5964
Lashunda	5965
Malia	5966
Adrianna	5967
Tarah	5968
Tenisha	5969
Shawnna	5970
Chante	5971
Karissa	5972
Corie	5973
Chrissy	5974
Kylie	5975
Aja	5976
Meghann	5977
Crissy	5978
Meaghan	5979
Shavon	5980
Brianne	5981
Krissy	5982
Shavonne	5983
Lacie	5984
Shanita	5985
Desirae	5986
Abbey	5987
Lyndsey	5988
Shaunna	5989
Marlana	5990
Ariane	5991
Kylee	5992
Sierra	5993
Leia	5994
Natosha	5995
Ariana	5996
Somer	5997
Ashleigh	5998
Star	5999
Alaina	6000
Casie	6001
Kindra	6002
Precious	6003
Kiana	6004
Winter	6005
Viviana	6006
Breanne	6007
Siobhan	6008
Maren	6009
Kylene	6010
Breanna	6011
Ashanti	6012
Asia	6013
Lyndsay	6014
Sharee	6015
Kacy	6016
Princess	6017
Ayesha	6018
Rikki	6019
Lynsey	6020
Shaneka	6021
Linsey	6022
Loni	6023
Perla	6024
Kristyn	6025
Anya	6026
Mariana	6027
Renada	6028
Kacie	6029
Britney	6030
Reyna	6031
Chimere	6032
Kaci	6033
Brynn	6034
Laci	6035
Tai	6036
Ashlie	6037
Jessi	6038
Tatiana	6039
Kati	6040
Krystle	6041
Tierra	6042
Tiara	6043
Fallon	6044
Evita	6045
Kaitlin	6046
Martine	6047
Kassandra	6048
Jesica	6049
Alexia	6050
Toccara	6051
Latoyia	6052
Tashina	6053
Chaya	6054
Joi	6055
Daniella	6056
Katelyn	6057
Kandace	6058
Shanell	6059
Kourtney	6060
Nereida	6061
Jazmin	6062
Chelsey	6063
Kaleena	6064
Kala	6065
Kassie	6066
Jenilee	6067
Emilee	6068
Cassondra	6069
Shaina	6070
Shakira	6071
Ciara	6072
Hailey	6073
Kali	6074
Shena	6075
Falon	6076
Tawny	6077
Arielle	6078
Ashly	6079
Chelsie	6080
Tenika	6081
Sharita	6082
Cristen	6083
Tabetha	6084
Krysta	6085
Carley	6086
Arianna	6087
Mallory	6088
Kaitlyn	6089
Ciji	6090
Ashely	6091
Giselle	6092
Tess	6093
Maegan	6094
Echo	6095
Dwan	6096
Britni	6097
Ashli	6098
Paola	6099
Ashlea	6100
Caitlyn	6101
Tyesha	6102
Maira	6103
Brittani	6104
Tasia	6105
Grisel	6106
Kaylee	6107
Shenna	6108
Teela	6109
Savanna	6110
Breann	6111
Mckenzie	6112
Janessa	6113
Kasandra	6114
Markita	6115
Karly	6116
Magen	6117
Dannielle	6118
Cierra	6119
Sade	6120
Krystina	6121
Micaela	6122
Ciera	6123
Brittni	6124
Kayleigh	6125
Britany	6126
Alyse	6127
Deandra	6128
Brittny	6129
Kaley	6130
Alysha	6131
Jazmine	6132
Shaquita	6133
Krysten	6134
Brittanie	6135
Krystin	6136
Magan	6137
Katelin	6138
Violeta	6139
Kasie	6140
Jessika	6141
Kelsie	6142
Mariel	6143
Shira	6144
Jaqueline	6145
Amberly	6146
Samatha	6147
Eliana	6148
Kaleigh	6149
Nakita	6150
Phylicia	6151
Brittaney	6152
Katlyn	6153
Shardae	6154
Jerrica	6155
Porsha	6156
Britta	6157
Sharde	6158
Cherrelle	6159
Katelynn	6160
Mallorie	6161
Cherelle	6162
Malorie	6163
Sable	6164
Kaila	6165
Ashlyn	6166
Shanae	6167
Sharday	6168
Fabiola	6169
Iliana	6170
Kyrie	6171
Leandra	6172
Shatara	6173
Kortney	6174
Janay	6175
Ayla	6176
Cayla	6177
Yessenia	6178
Skye	6179
Kelsi	6180
Jerica	6181
Tiera	6182
Jesenia	6183
Kaela	6184
Karli	6185
Porsche	6186
Kalyn	6187
Chanelle	6188
Alessandra	6189
Lakendra	6190
Lauryn	6191
Kaycee	6192
Kailey	6193
Denisse	6194
Jessenia	6195
Anjelica	6196
Sarai	6197
Tianna	6198
Kaylin	6199
Kaylyn	6200
Denisha	6201
Stephani	6202
Kaylie	6203
Danae	6204
Shanice	6205
Jaleesa	6206
Jalisa	6207
Whitley	6208
Deja	6209
Taja	6210
Chelsi	6211
Genesis	6212
Katlin	6213
Kimber	6214
Brittnee	6215
Kierra	6216
Alexandrea	6217
Anais	6218
Allyssa	6219
Kiersten	6220
Breana	6221
Diandra	6222
Sarina	6223
Lizbeth	6224
Kiera	6225
Katarina	6226
Jalissa	6227
Hali	6228
Carli	6229
Tiarra	6230
Grecia	6231
Moriah	6232
Kaitlynn	6233
Brittnie	6234
Flor	6235
Elizabet	6236
Alexandr	6237
Britny	6238
Katherin	6239
Mikayla	6240
Audrianna	6241
Kirstie	6242
Asha	6243
Kallie	6244
Kelsea	6245
Bryanna	6246
Audriana	6247
Danika	6248
Gianna	6249
Makayla	6250
Martika	6251
Mikaela	6252
Destinee	6253
Brittnay	6254
Yajaira	6255
Yasmine	6256
Shaniqua	6257
Shanelle	6258
Lizeth	6259
Joana	6260
Ryann	6261
Isamar	6262
Latifah	6263
Kanisha	6264
Rubi	6265
Mariela	6266
Symone	6267
Ivana	6268
Heaven	6269
Lucero	6270
Shelbi	6271
Alysa	6272
Dulce	6273
Brooklyn	6274
Nataly	6275
Imani	6276
Kalie	6277
Alannah	6278
Fiona	6279
Kanesha	6280
Laken	6281
Haleigh	6282
Eryn	6283
Elyssa	6284
Shelbie	6285
Demi	6286
Ieshia	6287
Makenzie	6288
Shanequa	6289
Karlee	6290
Haylee	6291
Cheyanne	6292
Estefania	6293
Halie	6294
Chynna	6295
Karlie	6296
Stormy	6297
Delaney	6298
Carlee	6299
Kailee	6300
Alayna	6301
Mckenna	6302
Shaquana	6303
Tiesha	6304
Brielle	6305
Marcela	6306
Myranda	6307
Miriah	6308
Alexus	6309
Kelcie	6310
Emerald	6311
Giovanna	6312
Bryana	6313
China	6314
Essence	6315
Bria	6316
Aracely	6317
Aubree	6318
Chelsy	6319
Miesha	6320
Cinthia	6321
Brianda	6322
Hailee	6323
Karley	6324
Ashlynn	6325
Macey	6326
Tatyana	6327
Shawnee	6328
Brea	6329
Joselyn	6330
Ivonne	6331
Katerina	6332
Marlee	6333
Breonna	6334
Shaniece	6335
Kaylynn	6336
Kinsey	6337
Kenia	6338
Destini	6339
Kayley	6340
Lexus	6341
Selene	6342
Yaritza	6343
Khadijah	6344
Kadijah	6345
Halle	6346
Brionna	6347
Destiney	6348
Jazmyn	6349
Yazmin	6350
Itzel	6351
Kassidy	6352
Coraima	6353
Shannen	6354
Kailyn	6355
Kalene	6356
Katlynn	6357
Lexi	6358
Deyanira	6359
Yasmeen	6360
Shyanne	6361
Viridiana	6362
Kaylene	6363
Crysta	6364
Reina	6365
Alondra	6366
Kayli	6367
Nayeli	6368
Jasmyn	6369
Aspen	6370
Jasmyne	6371
Paloma	6372
Eleni	6373
Hana	6374
Aaliyah	6375
Aliyah	6376
Dalia	6377
Zhane	6378
Mckayla	6379
Clarisa	6380
Mikala	6381
Dayana	6382
Maddison	6383
Kianna	6384
Kenzie	6385
Bailee	6386
Sydnee	6387
Haylie	6388
Nohely	6389
Makenna	6390
Vanesa	6391
Cydney	6392
Aleah	6393
Shyann	6394
Valentina	6395
Caitlynn	6396
Tatum	6397
Adilene	6398
Isis	6399
Tatianna	6400
Baylee	6401
Shania	6402
Jocelyne	6403
Daisha	6404
Kaelyn	6405
Jayla	6406
Dasia	6407
Emely	6408
Sydni	6409
Abbigail	6410
Miracle	6411
Zoey	6412
Unique	6413
Iridian	6414
Brooklynn	6415
Alia	6416
Keanna	6417
Alivia	6418
Daija	6419
Sydnie	6420
Fernanda	6421
Daja	6422
Lesly	6423
Annika	6424
Kyleigh	6425
Sienna	6426
Ciarra	6427
Maci	6428
Destany	6429
Tamia	6430
Moesha	6431
Odalys	6432
Yamilex	6433
Zaria	6434
Mireya	6435
Alize	6436
Xena	6437
Dania	6438
Katia	6439
Maia	6440
Amani	6441
Shianne	6442
Madisen	6443
Odalis	6444
Kaylah	6445
Sarahi	6446
Jailene	6447
Jazlyn	6448
Alyssia	6449
Chyna	6450
Estefany	6451
Ansley	6452
Madyson	6453
Jaycie	6454
Jacey	6455
Lexis	6456
Daijah	6457
Joslyn	6458
Dejah	6459
Yulissa	6460
Anahi	6461
Aylin	6462
Julisa	6463
Salma	6464
Madisyn	6465
Erykah	6466
Gisselle	6467
Raegan	6468
Tea	6469
Estrella	6470
Jayda	6471
Rylie	6472
Makala	6473
Taya	6474
Kaylan	6475
Camila	6476
Annalise	6477
Jazmyne	6478
Keeley	6479
Shaylee	6480
Savana	6481
Madelynn	6482
Micayla	6483
Maeve	6484
Nautica	6485
Cali	6486
Serenity	6487
Yulisa	6488
Baylie	6489
Samara	6490
Mya	6491
Ally	6492
Myah	6493
Reanna	6494
Madilyn	6495
Felicity	6496
Ireland	6497
Skyla	6498
Willow	6499
Jaida	6500
Abigayle	6501
Jaelyn	6502
Rhianna	6503
Amira	6504
Shae	6505
Zoie	6506
Caleigh	6507
Abril	6508
Deasia	6509
Kaylen	6510
Tayla	6511
Alexys	6512
Jaycee	6513
Jayde	6514
Kennedi	6515
Amaya	6516
Piper	6517
Aniya	6518
Noelia	6519
Kiarra	6520
Shaniya	6521
Keara	6522
Emmalee	6523
Aiyana	6524
Miya	6525
Jalyn	6526
Nyasia	6527
Aniyah	6528
Jaylene	6529
Kyara	6530
Citlalli	6531
Abigale	6532
Isabela	6533
Tatyanna	6534
Journey	6535
Ryleigh	6536
Aliya	6537
Sky	6538
Shyla	6539
Bryn	6540
Abagail	6541
Izabella	6542
Nya	6543
Saige	6544
Jakayla	6545
Litzy	6546
Brisa	6547
Amya	6548
Jackeline	6549
Kaya	6550
Jaquelin	6551
Hailie	6552
Nyah	6553
Amara	6554
Dariana	6555
Yamilet	6556
Monserrat	6557
Cielo	6558
Aryanna	6559
Anaya	6560
Arely	6561
Kaia	6562
Maryam	6563
Anjali	6564
Lilliana	6565
Amiya	6566
Belen	6567
Aliza	6568
Keira	6569
Janiya	6570
Ashtyn	6571
Neha	6572
Laisha	6573
Amina	6574
Jailyn	6575
Kenna	6576
Iyana	6577
Maiya	6578
Marlen	6579
Nevaeh	6580
Ainsley	6581
Yuliana	6582
Beyonce	6583
Nayely	6584
Johana	6585
Nallely	6586
Kaiya	6587
Meadow	6588
Makaila	6589
Kya	6590
Ximena	6591
Jimena	6592
Melany	6593
Jamya	6594
Taina	6595
Aubrie	6596
Frida	6597
Kaliyah	6598
Mikaila	6599
Taliyah	6600
Taniya	6601
Citlali	6602
Annabella	6603
Dafne	6604
Hayleigh	6605
Yoselin	6606
Areli	6607
Madalynn	6608
Priscila	6609
Miah	6610
Keila	6611
Natalya	6612
Jaylynn	6613
Rianna	6614
Sheyla	6615
Aryana	6616
Elle	6617
Lisbeth	6618
Evelin	6619
Makena	6620
Jaliyah	6621
Keyla	6622
Giana	6623
Maleah	6624
Shreya	6625
Maliyah	6626
Samira	6627
Jalynn	6628
Galilea	6629
Riya	6630
Cadence	6631
Iyanna	6632
Kiya	6633
Jaylyn	6634
Estefani	6635
Yareli	6636
Dayanara	6637
Janiyah	6638
Taniyah	6639
Sanaa	6640
Yahaira	6641
Kadence	6642
Amiyah	6643
Tamya	6644
Sherlyn	6645
Natalee	6646
Lainey	6647
Angeles	6648
Karyme	6649
Arly	6650
Saniya	6651
Sariah	6652
Kaydence	6653
Alani	6654
Amaris	6655
Charlize	6656
Kimora	6657
Xiomara	6658
Marin	6659
Diya	6660
Treasure	6661
Aleena	6662
Saniyah	6663
Addyson	6664
Karis	6665
Gracelyn	6666
Jaylee	6667
Nathaly	6668
Livia	6669
Jayleen	6670
Janiah	6671
Gwyneth	6672
Zariah	6673
Averie	6674
Heidy	6675
Mikalah	6676
Arleth	6677
Karma	6678
Siena	6679
Jaelynn	6680
Anabelle	6681
Naima	6682
Anneliese	6683
Zara	6684
Elliana	6685
Kinsley	6686
Selah	6687
Jolette	6688
Brylee	6689
Myla	6690
Yuridia	6691
Montserrat	6692
Valery	6693
Lilianna	6694
Leyla	6695
Rihanna	6696
Addisyn	6697
Akeelah	6698
Adison	6699
Lilyana	6700
Nathalia	6701
Paisley	6702
Yaretzi	6703
Scarlet	6704
Braelyn	6705
Kamila	6706
Cailyn	6707
Bethzy	6708
Adyson	6709
Joselin	6710
Mariyah	6711
Kinley	6712
Jaylah	6713
Charlee	6714
Adamaris	6715
Malaya	6716
Khloe	6717
Amirah	6718
Briley	6719
Jorja	6720
Rayne	6721
Sanai	6722
Dahlia	6723
Lorelai	6724
Neveah	6725
Izabelle	6726
Miley	6727
Mylee	6728
Jordin	6729
Jaslene	6730
Audrina	6731
Azul	6732
Marely	6733
Shiloh	6734
Madilynn	6735
Jaeda	6736
Jazlynn	6737
Londyn	6738
Giada	6739
Adelyn	6740
Jocelynn	6741
Mylie	6742
Adalyn	6743
Aliana	6744
Giuliana	6745
Azaria	6746
Zaniyah	6747
Alyvia	6748
Joseline	6749
Kelis	6750
Lillianna	6751
Kylah	6752
Hadassah	6753
Allisson	6754
Caylee	6755
Mareli	6756
Dayami	6757
Alisson	6758
Nylah	6759
Jazlene	6760
Adalynn	6761
Jaslyn	6762
Gemma	6763
Lailah	6764
Brynlee	6765
Raelynn	6766
Marlie	6767
Anabella	6768
Ariella	6769
Kamora	6770
Paityn	6771
Payten	6772
Amiah	6773
Averi	6774
Avah	6775
Karsyn	6776
Jamiya	6777
Laylah	6778
Carleigh	6779
Kenley	6780
Sloane	6781
Elianna	6782
\.


--
-- Data for Name: orders; Type: TABLE DATA; Schema: public; Owner: fulfillmentuser
--

COPY public.orders (id, name_id) FROM stdin;
45197665	1
\.


--
-- Name: batch_details batch_details_pkey; Type: CONSTRAINT; Schema: public; Owner: fulfillmentuser
--

ALTER TABLE ONLY public.batch_details
    ADD CONSTRAINT batch_details_pkey PRIMARY KEY (batch_id, dept_id, item_id);


--
-- Name: batches batches_pkey; Type: CONSTRAINT; Schema: public; Owner: fulfillmentuser
--

ALTER TABLE ONLY public.batches
    ADD CONSTRAINT batches_pkey PRIMARY KEY (id);


--
-- Name: departments department_pkey; Type: CONSTRAINT; Schema: public; Owner: fulfillmentuser
--

ALTER TABLE ONLY public.departments
    ADD CONSTRAINT department_pkey PRIMARY KEY (id);


--
-- Name: items items_item_id_dept_id_key; Type: CONSTRAINT; Schema: public; Owner: fulfillmentuser
--

ALTER TABLE ONLY public.items
    ADD CONSTRAINT items_item_id_dept_id_key UNIQUE (id, dept_id);


--
-- Name: items items_pkey; Type: CONSTRAINT; Schema: public; Owner: fulfillmentuser
--

ALTER TABLE ONLY public.items
    ADD CONSTRAINT items_pkey PRIMARY KEY (id, dept_id);


--
-- Name: names names_pkey; Type: CONSTRAINT; Schema: public; Owner: fulfillmentuser
--

ALTER TABLE ONLY public.names
    ADD CONSTRAINT names_pkey PRIMARY KEY (id);


--
-- Name: orders orders_pkey; Type: CONSTRAINT; Schema: public; Owner: fulfillmentuser
--

ALTER TABLE ONLY public.orders
    ADD CONSTRAINT orders_pkey PRIMARY KEY (id);


--
-- Name: batch_details batch_details_batch_id_fkey; Type: FK CONSTRAINT; Schema: public; Owner: fulfillmentuser
--

ALTER TABLE ONLY public.batch_details
    ADD CONSTRAINT batch_details_batch_id_fkey FOREIGN KEY (batch_id) REFERENCES public.batches(id);


--
-- Name: batch_details fk_order_details_items; Type: FK CONSTRAINT; Schema: public; Owner: fulfillmentuser
--

ALTER TABLE ONLY public.batch_details
    ADD CONSTRAINT fk_order_details_items FOREIGN KEY (item_id, dept_id) REFERENCES public.items(id, dept_id);


--
-- Name: items item_dept_id_fkey; Type: FK CONSTRAINT; Schema: public; Owner: fulfillmentuser
--

ALTER TABLE ONLY public.items
    ADD CONSTRAINT item_dept_id_fkey FOREIGN KEY (dept_id) REFERENCES public.departments(id);


--
-- Name: batch_details order_details_order_id_fkey; Type: FK CONSTRAINT; Schema: public; Owner: fulfillmentuser
--

ALTER TABLE ONLY public.batch_details
    ADD CONSTRAINT order_details_order_id_fkey FOREIGN KEY (order_id) REFERENCES public.orders(id);


--
-- Name: orders orders_name_id_fkey; Type: FK CONSTRAINT; Schema: public; Owner: fulfillmentuser
--

ALTER TABLE ONLY public.orders
    ADD CONSTRAINT orders_name_id_fkey FOREIGN KEY (name_id) REFERENCES public.names(id);


--
-- PostgreSQL database dump complete
--

